Date,Close,Open,High,Low,Volume,Chg%
18-11-2022,11677.02,,,,,
17-11-2022,11676.86,,,,,
16-11-2022,11699.09,,,,,
15-11-2022,11871.15,,,,,
14-11-2022,11700.94,,,,,
11-11-2022,11817.01,,,,,
10-11-2022,11605.96,,,,,
09-11-2022,10797.55,,,,,
08-11-2022,11059.5,,,,,
07-11-2022,10977,,,,,
04-11-2022,10857.03,,,,,
03-11-2022,10690.6,,,,,
02-11-2022,10906.34,,,,,
01-11-2022,11288.95,,,,,
31-10-2022,11405.57,,,,,
28-10-2022,11546.21,"11,176.99","11,563.16","11,176.99",355.96M,3.17%
27-10-2022,11191.63,"11,387.71","11,417.04","11,179.90",343.35M,-1.88%
26-10-2022,11405.9,"11,409.79","11,657.06","11,388.34",330.32M,-2.26%
25-10-2022,11669.99,"11,482.87","11,681.85","11,480.41",275.48M,2.10%
24-10-2022,11430.26,"11,321.11","11,468.18","11,166.49",280.87M,1.06%
21-10-2022,11310.33,"10,998.17","11,327.77","10,962.01",324.07M,2.39%
20-10-2022,11046.71,"11,081.23","11,279.81","11,001.28",241.40M,-0.51%
19-10-2022,11103.38,"11,081.82","11,231.46","11,008.11",223.79M,-0.40%
18-10-2022,11147.74,"11,368.76","11,374.38","11,035.80",246.56M,0.77%
17-10-2022,11062.53,"10,967.25","11,090.87","10,959.75",293.32M,3.46%
14-10-2022,10692.06,"11,130.08","11,152.89","10,677.48",299.49M,-3.10%
13-10-2022,11033.58,"10,481.58","11,087.66","10,440.64",355.13M,2.30%
12-10-2022,10785.61,"10,810.30","10,886.49","10,754.85",234.88M,-0.05%
11-10-2022,10791.35,"10,865.32","10,981.91","10,716.33",285.80M,-1.24%
10-10-2022,10926.97,"11,048.51","11,063.21","10,824.25",247.71M,-1.02%
07-10-2022,11039.47,"11,272.46","11,293.65","10,991.66",325.37M,-3.88%
06-10-2022,11485.5,"11,556.40","11,660.55","11,472.83",224.26M,-0.76%
05-10-2022,11573.18,"11,429.47","11,647.62","11,312.52",220.46M,-0.08%
04-10-2022,11582.54,"11,477.85","11,609.25","11,462.37",282.89M,3.14%
03-10-2022,11229.73,"11,059.17","11,296.43","10,985.01",291.05M,2.36%
30-09-2022,10971.22,"11,123.11","11,296.16","10,966.95",332.57M,-1.73%
29-09-2022,11164.78,"11,334.57","11,339.91","11,038.94",286.17M,-2.86%
28-09-2022,11493.83,"11,258.74","11,546.87","11,210.81",286.31M,1.97%
27-09-2022,11271.75,"11,411.34","11,502.38","11,175.29",251.06M,0.16%
26-09-2022,11254.11,"11,283.14","11,473.36","11,235.74",258.79M,-0.51%
23-09-2022,11311.24,"11,398.75","11,402.41","11,169.66",275.27M,-1.66%
22-09-2022,11501.65,"11,574.32","11,617.99","11,448.86",254.51M,-1.17%
21-09-2022,11637.79,"11,892.72","12,062.52","11,636.25",263.45M,-1.80%
20-09-2022,11851.54,"11,855.83","11,951.13","11,761.69",223.97M,-0.85%
19-09-2022,11953.27,"11,753.60","11,956.79","11,752.43",231.53M,0.77%
16-09-2022,11861.38,"11,775.93","11,875.09","11,710.25",728.59M,-0.55%
15-09-2022,11927.49,"12,034.43","12,153.34","11,867.88",282.27M,-1.71%
14-09-2022,12134.4,"12,092.03","12,170.25","12,016.43",273.28M,0.84%
13-09-2022,12033.62,"12,364.83","12,420.01","12,004.42",361.85M,-5.54%
12-09-2022,12739.72,"12,649.23","12,752.83","12,639.76",226.04M,1.20%
09-09-2022,12588.29,"12,424.15","12,610.43","12,424.15",228.58M,2.17%
08-09-2022,12321.19,"12,139.57","12,374.13","12,120.26",231.14M,0.50%
07-09-2022,12259.39,"12,038.18","12,298.12","12,026.98",237.42M,2.07%
06-09-2022,12011.31,"12,106.57","12,152.42","11,928.81",244.57M,-0.72%
02-09-2022,12098.44,"12,392.45","12,451.28","12,035.53",249.11M,-1.44%
01-09-2022,12274.62,"12,158.88","12,290.33","12,012.98",277.40M,0.02%
31-08-2022,12272.03,"12,448.07","12,502.15","12,268.08",315.42M,-0.57%
30-08-2022,12342.7,"12,562.40","12,572.88","12,240.82",232.45M,-1.13%
29-08-2022,12484.32,"12,488.46","12,594.34","12,440.40",219.65M,-0.96%
26-08-2022,12605.17,"13,129.91","13,175.25","12,603.41",308.68M,-4.10%
25-08-2022,13143.58,"12,984.74","13,146.84","12,951.61",209.03M,1.75%
24-08-2022,12917.86,"12,876.23","12,995.14","12,843.58",179.36M,0.28%
23-08-2022,12881.79,"12,885.28","13,000.71","12,852.70",179.39M,-0.07%
22-08-2022,12890.54,"13,056.39","13,073.07","12,859.82",222.57M,-2.66%
19-08-2022,13242.9,"13,370.25","13,402.61","13,210.82",248.83M,-1.95%
18-08-2022,13505.99,"13,474.24","13,553.28","13,405.74",189.70M,0.26%
17-08-2022,13470.86,"13,499.24","13,591.58","13,389.82",197.26M,-1.21%
16-08-2022,13635.21,"13,617.66","13,720.91","13,508.47",180.39M,-0.23%
15-08-2022,13667.18,"13,529.66","13,685.65","13,524.53",166.36M,0.75%
12-08-2022,13565.87,"13,384.65","13,565.87","13,341.65",209.25M,2.06%
11-08-2022,13291.99,"13,471.03","13,555.38","13,271.35",198.56M,-0.65%
10-08-2022,13378.32,"13,330.66","13,386.85","13,220.05",255.82M,2.85%
09-08-2022,13008.17,"13,064.24","13,095.70","12,945.60",214.96M,-1.15%
08-08-2022,13159.16,"13,227.09","13,394.53","13,103.80",202.55M,-0.37%
05-08-2022,13207.69,"13,107.45","13,286.02","13,070.36",215.10M,-0.78%
04-08-2022,13311.04,"13,253.77","13,326.72","13,170.44",221.80M,0.44%
03-08-2022,13253.26,"12,983.58","13,289.19","12,974.85",284.79M,2.73%
02-08-2022,12901.6,"12,853.04","13,073.27","12,809.01",215.11M,-0.30%
01-08-2022,12940.78,"12,877.04","13,084.61","12,833.16",226.46M,-0.06%
29-07-2022,12947.98,"12,784.20","12,986.64","12,726.25",340.16M,1.81%
28-07-2022,12717.87,"12,580.61","12,741.83","12,433.55",257.67M,0.92%
27-07-2022,12601.47,"12,299.34","12,660.77","12,256.93",304.74M,4.26%
26-07-2022,12086.9,"12,248.21","12,259.01","12,051.21",229.65M,-1.96%
25-07-2022,12328.41,"12,391.21","12,415.59","12,244.40",190.24M,-0.55%
22-07-2022,12396.47,"12,575.76","12,662.86","12,322.82",236.15M,-1.77%
21-07-2022,12619.41,"12,466.13","12,620.50","12,351.42",222.30M,1.44%
20-07-2022,12439.68,"12,269.07","12,488.39","12,232.20",239.69M,1.55%
19-07-2022,12249.42,"12,046.69","12,258.37","11,967.92",267.09M,3.13%
18-07-2022,11877.5,"12,089.68","12,156.09","11,836.52",231.20M,-0.89%
15-07-2022,11983.62,"11,896.15","11,987.52","11,828.13",264.00M,1.83%
14-07-2022,11768.4,"11,637.18","11,801.11","11,488.27",204.76M,0.34%
13-07-2022,11728.53,"11,523.91","11,819.69","11,498.96",204.07M,-0.14%
12-07-2022,11744.99,"11,926.84","11,990.44","11,684.02",208.96M,-0.97%
11-07-2022,11860.28,"12,008.76","12,026.06","11,830.89",198.97M,-2.19%
08-07-2022,12125.69,"11,977.95","12,179.32","11,956.03",175.25M,0.14%
07-07-2022,12109.05,"11,913.73","12,137.71","11,897.51",224.25M,2.16%
06-07-2022,11852.59,"11,807.08","11,941.31","11,727.36",205.56M,0.62%
05-07-2022,11779.91,"11,419.34","11,781.74","11,366.07",246.77M,1.68%
01-07-2022,11585.68,"11,472.63","11,592.85","11,378.63",223.73M,0.71%
30-06-2022,11503.72,"11,532.32","11,650.97","11,322.86",293.08M,-1.33%
29-06-2022,11658.26,"11,619.01","11,710.21","11,537.72",191.33M,0.18%
28-06-2022,11637.77,"12,021.34","12,133.87","11,633.13",244.75M,-3.09%
27-06-2022,12008.24,"12,157.93","12,175.98","11,965.67",218.40M,-0.81%
24-06-2022,12105.85,"11,826.95","12,112.82","11,812.18",428.18M,3.49%
23-06-2022,11697.68,"11,622.09","11,729.62","11,515.49",231.63M,1.47%
22-06-2022,11527.71,"11,427.74","11,708.08","11,423.20",240.32M,-0.16%
21-06-2022,11546.76,"11,446.99","11,638.47","11,446.99",277.58M,2.49%
17-06-2022,11265.99,"11,172.65","11,357.97","11,089.93",648.78M,1.24%
16-06-2022,11127.57,"11,286.87","11,311.05","11,037.21",326.71M,-4.02%
15-06-2022,11593.77,"11,468.13","11,751.30","11,346.54",285.50M,2.49%
14-06-2022,11311.69,"11,385.18","11,418.22","11,205.92",240.09M,0.21%
13-06-2022,11288.32,"11,472.19","11,568.65","11,254.18",341.06M,-4.60%
10-06-2022,11832.82,"12,052.59","12,082.69","11,825.35",283.02M,-3.56%
09-06-2022,12269.78,"12,543.37","12,666.41","12,265.86",224.67M,-2.74%
08-06-2022,12615.13,"12,682.81","12,776.65","12,578.55",196.52M,-0.76%
07-06-2022,12711.67,"12,456.49","12,737.30","12,413.56",191.80M,0.89%
06-06-2022,12599.63,"12,745.89","12,804.46","12,534.58",199.82M,0.41%
03-06-2022,12548.02,"12,650.39","12,724.81","12,505.76",218.94M,-2.67%
02-06-2022,12892.89,"12,498.63","12,897.63","12,447.77",237.93M,2.75%
01-06-2022,12548.36,"12,750.31","12,820.47","12,457.91",207.11M,-0.74%
31-05-2022,12642.1,"12,688.95","12,762.84","12,482.33",418.67M,-0.31%
27-05-2022,12681.42,"12,421.80","12,682.58","12,405.29",247.78M,3.30%
26-05-2022,12276.79,"11,906.83","12,337.73","11,901.87",253.12M,2.79%
25-05-2022,11943.93,"11,732.45","12,028.89","11,714.27",226.97M,1.48%
24-05-2022,11769.84,"11,807.78","11,842.81","11,576.11",232.10M,-2.20%
23-05-2022,12034.28,"11,867.08","12,047.81","11,785.76",224.19M,1.68%
20-05-2022,11835.62,"12,037.03","12,044.70","11,492.29",310.72M,-0.34%
19-05-2022,11875.63,"11,872.56","12,066.85","11,795.79",275.82M,-0.44%
18-05-2022,11928.31,"12,352.92","12,389.96","11,887.00",280.61M,-5.06%
17-05-2022,12564.1,"12,496.63","12,572.99","12,333.99",234.46M,2.62%
16-05-2022,12243.58,"12,297.07","12,395.51","12,196.21",198.36M,-1.16%
13-05-2022,12387.4,"12,125.93","12,429.28","12,069.13",269.06M,3.70%
12-05-2022,11945.5,"11,790.13","12,128.73","11,692.12",324.80M,-0.18%
11-05-2022,11967.56,"12,240.21","12,470.89","11,939.09",301.24M,-3.06%
10-05-2022,12345.86,"12,496.84","12,537.89","12,173.47",303.31M,1.30%
09-05-2022,12187.72,"12,465.91","12,542.32","12,136.19",320.51M,-3.98%
06-05-2022,12693.53,"12,776.86","12,926.58","12,522.77",275.35M,-1.22%
05-05-2022,12850.55,"13,344.79","13,344.79","12,710.59",327.49M,-5.06%
04-05-2022,13535.71,"13,110.30","13,556.67","12,887.53",287.02M,3.41%
03-05-2022,13089.9,"13,045.35","13,178.74","12,982.70",209.20M,0.11%
02-05-2022,13075.85,"12,864.83","13,083.57","12,716.62",263.46M,1.72%
29-04-2022,12854.8,"13,274.94","13,428.53","12,835.48",319.45M,-4.47%
28-04-2022,13456.06,"13,254.96","13,542.56","13,038.17",282.58M,3.48%
27-04-2022,13003.36,"13,009.40","13,241.94","12,936.41",256.81M,-0.05%
26-04-2022,13009.71,"13,447.66","13,447.66","13,009.65",263.14M,-3.87%
25-04-2022,13533.22,"13,275.41","13,541.77","13,239.73",247.87M,1.32%
22-04-2022,13356.87,"13,714.63","13,769.40","13,342.79",247.88M,-2.65%
21-04-2022,13720.45,"14,174.92","14,277.21","13,682.68",231.64M,-1.99%
20-04-2022,13998.53,"14,246.20","14,263.61","13,962.86",217.57M,-1.49%
19-04-2022,14210.26,"13,882.75","14,236.51","13,844.74",187.17M,2.15%
18-04-2022,13910.76,"13,859.47","13,997.92","13,788.96",172.21M,0.13%
14-04-2022,13893.22,"14,225.47","14,235.39","13,884.82",223.06M,-2.28%
13-04-2022,14217.29,"13,939.61","14,258.81","13,919.48",189.62M,1.99%
12-04-2022,13940.24,"14,175.66","14,264.74","13,882.75",193.95M,-0.36%
11-04-2022,13990.2,"14,149.60","14,187.67","13,979.14",211.62M,-2.35%
08-04-2022,14327.26,"14,450.53","14,490.19","14,307.68",185.19M,-1.41%
07-04-2022,14531.81,"14,469.50","14,624.24","14,315.69",197.28M,0.23%
06-04-2022,14498.89,"14,600.30","14,639.35","14,395.40",240.71M,-2.17%
05-04-2022,14820.64,"15,109.27","15,120.67","14,782.57",209.49M,-2.24%
04-04-2022,15159.58,"14,903.38","15,161.89","14,884.57",206.00M,2.01%
01-04-2022,14861.21,"14,886.91","14,925.93","14,723.83",215.30M,0.15%
31-03-2022,14838.49,"15,074.24","15,088.38","14,835.16",282.14M,-1.55%
30-03-2022,15071.55,"15,177.15","15,229.01","15,010.34",206.58M,-1.10%
29-03-2022,15239.32,"15,142.93","15,265.42","15,039.61",220.57M,1.68%
28-03-2022,14987.4,"14,763.16","14,989.08","14,705.92",193.74M,1.58%
25-03-2022,14754.31,"14,766.90","14,805.88","14,577.59",186.56M,-0.08%
24-03-2022,14765.69,"14,529.72","14,767.73","14,440.67",221.27M,2.20%
23-03-2022,14447.55,"14,525.22","14,681.33","14,446.04",226.97M,-1.41%
22-03-2022,14654.33,"14,396.03","14,688.97","14,385.55",234.86M,1.94%
21-03-2022,14376.09,"14,377.15","14,470.68","14,190.53",246.17M,-0.31%
18-03-2022,14420.08,"14,061.29","14,427.47","14,014.43",566.58M,2.14%
17-03-2022,14118.6,"13,878.99","14,125.67","13,827.34",232.03M,1.16%
16-03-2022,13956.78,"13,633.12","13,960.25","13,475.09",333.55M,3.70%
15-03-2022,13458.56,"13,174.97","13,488.18","13,092.45",287.73M,3.16%
14-03-2022,13046.64,"13,248.09","13,386.67","13,020.40",273.08M,-1.92%
11-03-2022,13301.83,"13,701.80","13,714.44","13,285.19",238.44M,-2.13%
10-03-2022,13591,"13,577.84","13,633.69","13,399.46",234.12M,-1.10%
09-03-2022,13742.2,"13,610.48","13,793.11","13,504.48",261.57M,3.58%
08-03-2022,13267.6,"13,275.23","13,663.27","13,129.40",308.91M,-0.39%
07-03-2022,13319.38,"13,853.53","13,879.10","13,314.44",304.72M,-3.75%
04-03-2022,13837.83,"13,957.60","13,992.97","13,738.61",244.70M,-1.41%
03-03-2022,14035.21,"14,339.70","14,342.56","13,965.11",230.88M,-1.46%
02-03-2022,14243.69,"14,075.11","14,292.72","13,962.69",233.56M,1.70%
01-03-2022,14005.99,"14,197.66","14,271.58","13,906.92",262.94M,-1.63%
28-02-2022,14237.81,"14,058.61","14,296.60","14,009.36",309.03M,0.34%
25-02-2022,14189.16,"13,973.90","14,193.00","13,850.29",241.78M,1.53%
24-02-2022,13974.67,"13,065.44","13,989.10","13,065.44",377.16M,3.44%
23-02-2022,13509.43,"14,016.94","14,035.93","13,502.58",256.46M,-2.60%
22-02-2022,13870.53,"13,892.81","14,109.26","13,720.92",258.34M,-0.99%
18-02-2022,14009.54,"14,207.55","14,225.72","13,918.76",266.12M,-1.14%
17-02-2022,14171.74,"14,485.08","14,497.46","14,155.43",226.16M,-2.96%
16-02-2022,14603.64,"14,514.84","14,647.79","14,399.29",194.98M,-0.12%
15-02-2022,14620.82,"14,482.11","14,624.53","14,444.46",222.14M,2.47%
14-02-2022,14268.59,"14,233.40","14,400.78","14,119.73",249.43M,0.10%
11-02-2022,14253.84,"14,739.46","14,769.64","14,194.54",289.87M,-3.07%
10-02-2022,14705.64,"14,770.67","15,037.26","14,636.61",259.08M,-2.33%
09-02-2022,15056.96,"14,930.99","15,057.90","14,870.36",220.30M,2.10%
08-02-2022,14747.03,"14,533.25","14,785.22","14,485.78",211.61M,1.21%
07-02-2022,14571.25,"14,716.43","14,813.86","14,524.63",203.27M,-0.84%
04-02-2022,14694.35,"14,566.28","14,832.05","14,452.28",238.70M,1.33%
03-02-2022,14501.11,"14,693.85","14,856.51","14,471.19",310.21M,-4.22%
02-02-2022,15139.74,"15,173.03","15,196.40","14,960.85",297.73M,0.80%
01-02-2022,15019.68,"14,966.60","15,034.42","14,749.49",234.44M,0.60%
31-01-2022,14930.05,"14,505.07","14,934.52","14,442.88",311.40M,3.29%
28-01-2022,14454.61,"14,091.32","14,457.78","13,880.48",292.47M,3.22%
27-01-2022,14003.11,"14,346.46","14,419.45","13,972.88",291.78M,-1.20%
26-01-2022,14172.76,"14,492.52","14,646.54","14,006.40",310.91M,0.17%
25-01-2022,14149.12,"14,237.60","14,410.43","14,033.81",283.30M,-2.48%
24-01-2022,14509.58,"14,160.91","14,532.57","13,724.85",425.47M,0.49%
21-01-2022,14438.4,"14,728.66","14,868.45","14,432.64",388.09M,-2.75%
20-01-2022,14846.46,"15,176.38","15,347.62","14,832.69",246.53M,-1.34%
19-01-2022,15047.84,"15,287.25","15,382.00","15,038.43",228.59M,-1.07%
18-01-2022,15210.76,"15,378.06","15,446.30","15,182.96",284.38M,-2.57%
14-01-2022,15611.59,"15,396.47","15,617.18","15,396.47",214.94M,0.75%
13-01-2022,15495.62,"15,970.09","15,990.38","15,468.09",220.05M,-2.57%
12-01-2022,15905.1,"15,955.48","16,017.39","15,815.94",192.30M,0.38%
11-01-2022,15844.12,"15,582.72","15,848.56","15,496.91",214.96M,1.47%
10-01-2022,15614.43,"15,383.18","15,627.92","15,165.53",281.70M,0.14%
07-01-2022,15592.19,"15,774.13","15,835.00","15,526.80",212.83M,-1.10%
06-01-2022,15765.36,"15,675.22","15,900.60","15,608.57",229.89M,-0.04%
05-01-2022,15771.77,"16,190.55","16,249.23","15,763.84",257.52M,-3.12%
04-01-2022,16279.73,"16,513.87","16,513.87","16,151.91",241.07M,-1.35%
03-01-2022,16501.77,"16,395.51","16,504.13","16,306.64",199.76M,1.11%
31-12-2021,16320.08,"16,411.26","16,464.62","16,317.26",144.78M,-0.66%
30-12-2021,16429.1,"16,485.40","16,569.62","16,415.12",125.58M,-0.38%
29-12-2021,16491.01,"16,510.63","16,548.92","16,396.16",133.19M,0.01%
28-12-2021,16488.66,"16,602.92","16,607.19","16,458.49",136.37M,-0.48%
27-12-2021,16567.5,"16,361.07","16,567.64","16,361.07",154.76M,1.59%
23-12-2021,16308.21,"16,203.76","16,360.75","16,188.02",164.32M,0.79%
22-12-2021,16180.14,"15,963.54","16,186.25","15,947.56",166.35M,1.21%
21-12-2021,15986.28,"15,794.38","15,997.61","15,617.48",210.02M,2.29%
20-12-2021,15627.64,"15,566.83","15,662.61","15,508.74",212.52M,-1.10%
17-12-2021,15801.46,"15,714.54","15,960.25","15,664.10",606.09M,-0.39%
16-12-2021,15863.94,"16,335.03","16,340.53","15,802.64",267.11M,-2.61%
15-12-2021,16289.59,"15,908.45","16,301.27","15,746.94",249.17M,2.35%
14-12-2021,15914.9,"15,877.65","15,995.21","15,742.80",238.21M,-1.04%
13-12-2021,16082.55,"16,317.90","16,332.63","16,075.54",224.94M,-1.53%
10-12-2021,16331.98,"16,278.30","16,339.12","16,139.00",206.17M,1.13%
09-12-2021,16149.57,"16,337.81","16,413.28","16,141.39",189.74M,-1.49%
08-12-2021,16394.34,"16,313.88","16,401.10","16,250.39",208.05M,0.42%
07-12-2021,16325.66,"16,139.56","16,343.67","16,128.44",261.97M,3.03%
06-12-2021,15846.16,"15,744.91","15,898.59","15,557.78",244.53M,0.85%
03-12-2021,15712.04,"16,039.41","16,089.61","15,543.31",287.69M,-1.74%
02-12-2021,15990.76,"15,791.30","16,066.32","15,770.92",252.10M,0.71%
01-12-2021,15877.72,"16,347.96","16,427.19","15,864.00",253.55M,-1.60%
30-11-2021,16135.92,"16,333.95","16,454.56","16,073.76",412.49M,-1.61%
29-11-2021,16399.24,"16,263.43","16,437.16","16,214.56",222.80M,2.33%
26-11-2021,16025.58,"16,237.42","16,302.58","15,988.95",188.04M,-2.09%
24-11-2021,16367.81,"16,202.26","16,370.56","16,106.02",173.02M,0.37%
23-11-2021,16306.72,"16,330.18","16,417.50","16,121.69",213.56M,-0.45%
22-11-2021,16380.98,"16,644.77","16,764.85","16,374.78",240.38M,-1.16%
19-11-2021,16573.34,"16,558.56","16,625.86","16,523.83",230.31M,0.55%
18-11-2021,16482.97,"16,398.76","16,501.92","16,309.51",225.12M,1.07%
17-11-2021,16308.07,"16,329.07","16,398.95","16,276.77",184.41M,-0.01%
16-11-2021,16309.77,"16,170.29","16,329.50","16,156.69",181.24M,0.75%
15-11-2021,16189.11,"16,227.01","16,256.73","16,096.37",164.95M,-0.07%
12-11-2021,16199.89,"16,078.13","16,218.55","16,012.78",154.83M,1.04%
11-11-2021,16032.47,"16,114.05","16,116.25","16,019.39",144.38M,0.29%
10-11-2021,15985.57,"16,087.01","16,224.51","15,905.28",192.32M,-1.44%
09-11-2021,16219.93,"16,389.99","16,401.89","16,168.63",202.59M,-0.71%
08-11-2021,16336.03,"16,351.49","16,401.93","16,314.00",194.10M,-0.14%
05-11-2021,16359.38,"16,397.59","16,454.48","16,302.06",223.01M,0.08%
04-11-2021,16346.24,"16,193.22","16,387.95","16,169.56",226.44M,1.25%
03-11-2021,16144.5,"16,000.60","16,157.60","15,950.59",177.49M,1.08%
02-11-2021,15972.49,"15,885.34","15,988.33","15,877.27",175.57M,0.42%
01-11-2021,15905.28,"15,879.61","15,910.35","15,785.31",177.72M,0.35%
29-10-2021,15850.47,"15,638.74","15,856.90","15,638.74",210.86M,0.46%
28-10-2021,15778.16,"15,674.39","15,784.00","15,650.01",186.65M,1.15%
27-10-2021,15598.39,"15,603.16","15,729.75","15,578.68",197.76M,0.25%
26-10-2021,15559.49,"15,615.36","15,710.79","15,518.59",196.06M,0.29%
25-10-2021,15514.19,"15,417.25","15,555.65","15,338.49",172.55M,1.04%
22-10-2021,15355.07,"15,422.07","15,474.28","15,291.95",174.01M,-0.87%
21-10-2021,15489.59,"15,365.81","15,497.58","15,350.50",155.34M,0.66%
20-10-2021,15388.71,"15,448.00","15,457.11","15,333.43",139.67M,-0.14%
19-10-2021,15410.72,"15,349.45","15,414.97","15,320.62",140.10M,0.72%
18-10-2021,15300.89,"15,091.58","15,307.51","15,074.71",157.54M,1.02%
15-10-2021,15146.92,"15,106.97","15,150.14","15,064.59",201.85M,0.63%
14-10-2021,15052.42,"14,925.58","15,059.89","14,901.59",171.55M,1.88%
13-10-2021,14774.6,"14,751.80","14,800.83","14,676.58",162.40M,0.77%
12-10-2021,14662.11,"14,772.29","14,784.78","14,636.33",175.53M,-0.35%
11-10-2021,14713.73,"14,765.69","14,907.57","14,709.05",131.29M,-0.72%
08-10-2021,14820.75,"14,942.35","14,948.35","14,805.50",142.85M,-0.51%
07-10-2021,14897.13,"14,899.07","15,010.32","14,878.22",168.65M,0.88%
06-10-2021,14766.75,"14,529.89","14,775.64","14,499.48",174.39M,0.63%
05-10-2021,14674.15,"14,533.43","14,763.64","14,520.23",177.49M,1.40%
04-10-2021,14472.12,"14,713.60","14,727.60","14,384.93",223.38M,-2.16%
01-10-2021,14791.87,"14,731.38","14,830.84","14,555.12",192.23M,0.70%
30-09-2021,14689.62,"14,830.30","14,888.22","14,684.55",203.20M,-0.43%
29-09-2021,14752.89,"14,835.51","14,914.92","14,727.41",182.14M,-0.12%
28-09-2021,14770.3,"15,001.98","15,040.57","14,758.98",241.47M,-2.86%
27-09-2021,15204.83,"15,205.23","15,240.58","15,106.45",154.50M,-0.81%
24-09-2021,15329.68,"15,222.97","15,345.54","15,209.16",129.34M,0.09%
23-09-2021,15316.58,"15,231.19","15,356.92","15,199.43",144.60M,0.92%
22-09-2021,15176.51,"15,073.95","15,230.34","15,029.90",171.16M,0.99%
21-09-2021,15027.77,"15,096.98","15,139.90","14,986.98",153.29M,0.10%
20-09-2021,15012.18,"15,068.65","15,157.26","14,821.03",229.84M,-2.10%
17-09-2021,15333.47,"15,481.43","15,485.21","15,291.04",453.63M,-1.18%
16-09-2021,15515.91,"15,452.67","15,539.14","15,370.88",157.64M,0.08%
15-09-2021,15503.53,"15,419.95","15,518.95","15,316.40",193.25M,0.78%
14-09-2021,15382.9,"15,505.78","15,525.97","15,352.06",171.39M,-0.33%
13-09-2021,15434.5,"15,545.66","15,562.28","15,351.70",174.43M,-0.04%
10-09-2021,15440.75,"15,648.05","15,673.50","15,433.43",172.65M,-0.77%
09-09-2021,15561.05,"15,639.44","15,675.46","15,556.74",140.37M,-0.38%
08-09-2021,15620.85,"15,669.01","15,669.01","15,528.45",151.55M,-0.35%
07-09-2021,15675.76,"15,662.30","15,701.40","15,610.23",162.99M,0.15%
03-09-2021,15652.86,"15,578.96","15,668.12","15,554.97",129.04M,0.31%
02-09-2021,15604.25,"15,656.28","15,681.75","15,554.29",142.46M,-0.05%
01-09-2021,15611.57,"15,637.13","15,696.42","15,603.67",157.20M,0.19%
31-08-2021,15582.51,"15,601.34","15,604.45","15,522.78",224.25M,-0.14%
30-08-2021,15605.09,"15,460.93","15,620.62","15,459.74",144.22M,1.12%
27-08-2021,15432.95,"15,305.75","15,447.03","15,292.74",153.36M,1.01%
26-08-2021,15278.52,"15,348.98","15,369.28","15,265.23",136.20M,-0.59%
25-08-2021,15368.92,"15,384.83","15,404.36","15,341.92",174.49M,0.07%
24-08-2021,15357.68,"15,338.92","15,384.42","15,319.55",147.83M,0.29%
23-08-2021,15312.82,"15,140.14","15,341.47","15,140.14",164.19M,1.46%
20-08-2021,15092.57,"14,974.06","15,103.94","14,968.87",176.44M,1.06%
19-08-2021,14933.93,"14,773.19","15,000.19","14,773.19",186.79M,0.51%
18-08-2021,14857.92,"14,975.02","15,039.90","14,846.51",152.36M,-0.97%
17-08-2021,15002.83,"15,018.94","15,062.70","14,906.22",159.61M,-0.91%
16-08-2021,15140.77,"15,090.05","15,142.03","14,931.15",157.03M,0.03%
13-08-2021,15136.68,"15,101.84","15,150.48","15,079.30",126.45M,0.32%
12-08-2021,15088.98,"15,012.60","15,097.91","14,956.25",150.50M,0.41%
11-08-2021,15027.76,"15,101.82","15,127.78","14,972.60",152.59M,-0.17%
10-08-2021,15053.58,"15,157.37","15,169.45","15,010.16",150.54M,-0.53%
09-08-2021,15133.11,"15,136.14","15,154.68","15,081.75",138.30M,0.16%
06-08-2021,15109.36,"15,125.74","15,162.34","15,063.02",153.25M,-0.48%
05-08-2021,15181.64,"15,105.40","15,184.27","15,083.83",152.62M,0.65%
04-08-2021,15083.39,"15,059.17","15,117.38","15,017.14",193.18M,0.15%
03-08-2021,15061.42,"14,997.20","15,063.66","14,864.53",166.87M,0.65%
02-08-2021,14963.62,"15,046.10","15,059.89","14,945.13",157.33M,0.02%
30-07-2021,14959.9,"14,882.39","14,990.86","14,882.39",189.00M,-0.59%
29-07-2021,15048.36,"15,015.30","15,091.96","15,004.42",177.41M,0.20%
28-07-2021,15018.1,"15,005.17","15,078.85","14,913.55",202.00M,0.41%
27-07-2021,14956.97,"15,103.01","15,107.74","14,787.80",220.40M,-1.12%
26-07-2021,15125.95,"15,088.28","15,142.35","15,048.23",168.93M,0.09%
23-07-2021,15111.79,"15,004.43","15,125.84","14,948.04",165.31M,1.15%
22-07-2021,14940.17,"14,865.47","14,941.38","14,865.47",138.61M,0.66%
21-07-2021,14842.63,"14,723.67","14,843.17","14,710.11",156.24M,0.78%
20-07-2021,14728.21,"14,601.33","14,790.60","14,530.78",276.12M,1.23%
19-07-2021,14549.09,"14,517.96","14,578.96","14,455.07",204.01M,-0.90%
16-07-2021,14681.38,"14,842.08","14,875.97","14,667.10",172.33M,-0.77%
15-07-2021,14794.69,"14,903.49","14,907.51","14,717.55",163.32M,-0.71%
14-07-2021,14900.44,"14,984.86","15,001.13","14,871.73",156.74M,0.17%
13-07-2021,14874.54,"14,871.04","15,002.28","14,843.80",134.41M,-0.02%
12-07-2021,14877.89,"14,878.71","14,899.46","14,813.79",135.33M,0.35%
09-07-2021,14826.09,"14,709.33","14,838.72","14,685.54",158.93M,0.71%
08-07-2021,14722.14,"14,577.67","14,763.67","14,551.76",178.03M,-0.60%
07-07-2021,14810.53,"14,889.76","14,891.19","14,735.75",151.62M,0.16%
06-07-2021,14786.36,"14,755.15","14,797.45","14,635.31",167.10M,0.40%
02-07-2021,14727.63,"14,633.51","14,738.14","14,626.82",140.17M,1.15%
01-07-2021,14560.05,"14,530.63","14,576.64","14,483.42",151.35M,0.04%
30-06-2021,14554.8,"14,560.07","14,582.30","14,530.87",174.74M,-0.12%
29-06-2021,14572.75,"14,523.63","14,575.19","14,481.84",139.36M,0.33%
28-06-2021,14524.98,"14,401.63","14,530.07","14,400.59",152.05M,1.25%
25-06-2021,14345.18,"14,396.63","14,401.71","14,324.26",248.91M,-0.14%
24-06-2021,14365.96,"14,358.30","14,429.14","14,337.65",146.08M,0.64%
23-06-2021,14274.24,"14,275.09","14,324.74","14,247.58",132.78M,0.03%
22-06-2021,14270.42,"14,140.30","14,288.49","14,128.01",149.36M,0.94%
21-06-2021,14137.23,"14,055.03","14,150.91","13,967.89",159.46M,0.62%
18-06-2021,14049.58,"14,125.12","14,140.61","14,024.60",403.49M,-0.81%
17-06-2021,14163.81,"13,946.70","14,205.43","13,946.52",190.93M,1.29%
16-06-2021,13983.01,"14,053.12","14,100.11","13,843.60",170.77M,-0.34%
15-06-2021,14030.41,"14,120.81","14,126.25","14,008.93",139.28M,-0.69%
14-06-2021,14128.2,"14,002.14","14,129.33","13,963.94",152.38M,0.93%
11-06-2021,13998.3,"13,959.47","13,998.65","13,934.00",138.26M,0.27%
10-06-2021,13960.35,"13,834.26","13,962.99","13,817.83",161.47M,1.05%
09-06-2021,13814.94,"13,865.51","13,900.71","13,811.05",142.01M,0.03%
08-06-2021,13810.86,"13,873.46","13,913.40","13,746.42",171.52M,0.06%
07-06-2021,13802.89,"13,744.15","13,808.42","13,710.11",158.49M,0.23%
04-06-2021,13770.77,"13,619.79","13,784.77","13,613.58",148.48M,1.78%
03-06-2021,13529.68,"13,568.91","13,608.54","13,469.85",157.94M,-1.07%
02-06-2021,13675.79,"13,655.71","13,712.68","13,610.16",151.45M,0.16%
01-06-2021,13654.59,"13,764.27","13,773.45","13,602.12",157.44M,-0.23%
28-05-2021,13686.51,"13,717.00","13,765.80","13,684.83",164.33M,0.21%
27-05-2021,13657.85,"13,686.86","13,724.76","13,652.13",307.94M,-0.33%
26-05-2021,13702.74,"13,687.71","13,726.06","13,661.06",153.51M,0.33%
25-05-2021,13657.73,"13,701.30","13,734.41","13,614.54",154.43M,0.12%
24-05-2021,13641.75,"13,504.39","13,687.60","13,500.12",154.55M,1.71%
21-05-2021,13411.74,"13,573.22","13,573.84","13,401.53",173.17M,-0.61%
20-05-2021,13494.09,"13,294.59","13,526.01","13,293.10",185.10M,1.94%
19-05-2021,13237.91,"12,998.53","13,243.98","12,994.35",201.19M,0.15%
18-05-2021,13217.68,"13,352.26","13,400.52","13,212.85",160.78M,-0.72%
17-05-2021,13312.91,"13,329.86","13,350.14","13,196.57",159.03M,-0.60%
14-05-2021,13393.11,"13,238.99","13,430.00","13,220.18",175.04M,2.17%
13-05-2021,13109.15,"13,133.73","13,226.64","13,006.77",195.42M,0.83%
12-05-2021,13001.63,"13,155.07","13,236.89","12,967.18",219.84M,-2.62%
11-05-2021,13351.27,"13,102.64","13,381.66","13,094.76",207.66M,-0.06%
10-05-2021,13359.08,"13,647.73","13,648.49","13,358.62",217.49M,-2.63%
07-05-2021,13719.63,"13,715.56","13,814.66","13,669.78",171.70M,0.78%
06-05-2021,13613.73,"13,490.94","13,617.33","13,403.46",192.04M,0.82%
05-05-2021,13503.37,"13,649.12","13,676.86","13,478.58",180.30M,-0.30%
04-05-2021,13544.67,"13,680.63","13,705.38","13,396.11",221.33M,-1.85%
03-05-2021,13799.72,"13,923.04","13,955.00","13,784.66",166.87M,-0.44%
30-04-2021,13860.76,"13,857.79","13,969.20","13,838.82",211.03M,-0.78%
29-04-2021,13970.2,"14,063.94","14,073.48","13,836.10",197.09M,0.49%
28-04-2021,13901.62,"13,953.61","13,992.08","13,895.15",199.19M,-0.42%
27-04-2021,13960.28,"14,048.13","14,048.34","13,931.18",168.17M,-0.47%
26-04-2021,14026.16,"13,954.94","14,039.40","13,919.93",161.38M,0.61%
23-04-2021,13941.44,"13,794.49","13,989.43","13,789.45",172.09M,1.30%
22-04-2021,13762.36,"13,920.88","13,954.03","13,716.76",172.74M,-1.24%
21-04-2021,13935.15,"13,768.92","13,939.70","13,717.44",166.85M,0.91%
20-04-2021,13809.3,"13,891.96","13,934.89","13,730.59",161.46M,-0.71%
19-04-2021,13907.67,"13,970.83","14,025.64","13,835.75",177.42M,-0.96%
16-04-2021,14041.91,"14,035.96","14,050.38","13,966.54",194.73M,0.11%
15-04-2021,14026.19,"13,934.87","14,040.11","13,931.01",177.92M,1.61%
14-04-2021,13803.91,"13,988.86","13,990.54","13,782.17",161.34M,-1.31%
13-04-2021,13986.49,"13,874.58","14,002.53","13,874.58",164.97M,1.21%
12-04-2021,13819.35,"13,792.74","13,839.39","13,747.63",178.22M,-0.19%
09-04-2021,13845.06,"13,709.67","13,849.31","13,674.92",160.65M,0.63%
08-04-2021,13758.5,"13,730.73","13,763.18","13,703.51",163.89M,1.04%
07-04-2021,13616.7,"13,553.90","13,648.80","13,532.63",144.11M,0.28%
06-04-2021,13578.46,"13,567.20","13,660.29","13,551.60",163.84M,-0.14%
05-04-2021,13598.16,"13,434.04","13,623.60","13,420.81",178.50M,2.02%
01-04-2021,13329.51,"13,268.88","13,333.41","13,255.82",187.35M,1.82%
31-03-2021,13091.44,"12,970.33","13,167.06","12,966.65",247.92M,1.51%
30-03-2021,12896.53,"12,904.01","12,929.46","12,798.03",172.81M,-0.53%
29-03-2021,12965.74,"12,950.51","13,013.48","12,836.60",199.25M,-0.10%
26-03-2021,12979.12,"12,777.27","12,992.30","12,721.66",253.00M,1.55%
25-03-2021,12780.51,"12,707.58","12,845.66","12,627.92",216.99M,-0.14%
24-03-2021,12798.88,"13,072.82","13,077.49","12,797.84",208.06M,-1.68%
23-03-2021,13017.79,"13,127.17","13,180.66","12,993.50",203.45M,-0.53%
22-03-2021,13086.51,"12,943.14","13,167.46","12,943.14",209.33M,1.71%
19-03-2021,12866.99,"12,792.67","12,906.02","12,704.07",575.60M,0.61%
18-03-2021,12789.14,"13,006.29","13,040.36","12,781.53",226.02M,-3.13%
17-03-2021,13202.38,"13,024.83","13,280.29","12,950.08",220.85M,0.38%
16-03-2021,13152.28,"13,156.65","13,297.48","13,091.78",186.93M,0.53%
15-03-2021,13082.54,"12,936.13","13,085.01","12,885.64",180.21M,1.12%
12-03-2021,12937.29,"12,873.39","12,943.58","12,778.12",184.56M,-0.89%
11-03-2021,13052.9,"12,960.53","13,117.86","12,920.00",211.63M,2.36%
10-03-2021,12752.07,"12,950.25","12,979.38","12,726.85",214.22M,-0.33%
09-03-2021,12794.49,"12,635.45","12,868.52","12,592.83",252.07M,4.03%
08-03-2021,12299.08,"12,629.56","12,718.58","12,287.57",273.33M,-2.92%
05-03-2021,12668.51,"12,594.16","12,700.95","12,208.39",302.02M,1.64%
04-03-2021,12464,"12,655.92","12,799.08","12,314.16",307.81M,-1.73%
03-03-2021,12683.33,"13,020.10","13,057.29","12,679.89",230.65M,-2.88%
02-03-2021,13059.95,"13,297.76","13,301.62","13,052.12",195.31M,-1.68%
01-03-2021,13282.95,"13,106.02","13,293.78","13,051.70",207.57M,2.89%
26-02-2021,12909.44,"12,958.97","13,090.36","12,764.34",312.55M,0.63%
25-02-2021,12828.31,"13,197.75","13,294.56","12,773.76",260.93M,-3.56%
24-02-2021,13302.19,"13,095.86","13,312.42","12,971.82",214.77M,0.81%
23-02-2021,13194.71,"12,982.36","13,259.85","12,758.12",261.29M,-0.22%
22-02-2021,13223.74,"13,414.04","13,447.37","13,220.77",215.67M,-2.63%
19-02-2021,13580.78,"13,686.23","13,701.69","13,545.45",193.94M,-0.42%
18-02-2021,13637.51,"13,556.01","13,669.94","13,477.17",169.46M,-0.45%
17-02-2021,13699.71,"13,636.15","13,713.14","13,552.67",163.37M,-0.54%
16-02-2021,13773.77,"13,841.03","13,879.77","13,726.77",168.06M,-0.25%
12-02-2021,13807.7,"13,695.90","13,816.25","13,656.78",137.79M,0.53%
11-02-2021,13734.35,"13,723.63","13,747.20","13,637.19",156.64M,0.58%
10-02-2021,13655.27,"13,751.42","13,770.91","13,531.93",175.91M,-0.23%
09-02-2021,13687.08,"13,667.14","13,741.79","13,664.70",151.60M,-0.06%
08-02-2021,13695.02,"13,672.33","13,698.41","13,607.96",181.11M,0.67%
05-02-2021,13603.96,"13,592.77","13,642.96","13,527.81",172.27M,0.32%
04-02-2021,13560.89,"13,454.85","13,563.13","13,406.44",195.08M,1.18%
03-02-2021,13402.37,"13,555.03","13,561.45","13,400.08",181.61M,-0.40%
02-02-2021,13456.12,"13,371.36","13,501.23","13,363.75",191.13M,1.56%
01-02-2021,13248.9,"13,067.65","13,280.22","12,983.10",199.89M,2.50%
29-01-2021,12925.38,"13,124.70","13,167.87","12,845.43",285.52M,-2.09%
28-01-2021,13201.53,"13,163.32","13,401.85","13,150.10",259.13M,0.68%
27-01-2021,13112.65,"13,371.16","13,393.51","13,034.14",332.77M,-2.80%
26-01-2021,13490.19,"13,507.47","13,536.30","13,440.32",183.91M,0.05%
25-01-2021,13483.29,"13,515.63","13,563.70","13,205.59",221.64M,0.87%
22-01-2021,13366.4,"13,356.18","13,404.77","13,336.90",185.53M,-0.29%
21-01-2021,13404.99,"13,356.70","13,433.69","13,297.79",195.49M,0.82%
20-01-2021,13296.45,"13,155.11","13,332.26","13,138.31",209.51M,2.31%
19-01-2021,12996.54,"12,921.61","13,012.09","12,861.30",208.17M,1.50%
15-01-2021,12803.93,"12,898.09","12,941.29","12,758.10",244.67M,-0.73%
14-01-2021,12898.69,"13,010.94","13,037.05","12,886.16",198.57M,-0.58%
13-01-2021,12973.63,"12,911.87","13,008.84","12,878.02",207.31M,0.63%
12-01-2021,12892.09,"12,916.10","12,957.43","12,783.71",184.51M,-0.08%
11-01-2021,12902.49,"12,961.50","13,023.22","12,883.59",196.99M,-1.55%
08-01-2021,13105.2,"13,037.24","13,113.09","12,939.73",220.39M,1.28%
07-01-2021,12939.57,"12,745.41","12,966.68","12,744.82",215.74M,2.51%
06-01-2021,12623.35,"12,601.26","12,803.29","12,569.42",243.87M,-1.40%
05-01-2021,12802.38,"12,663.13","12,809.67","12,663.13",175.19M,0.85%
04-01-2021,12694.67,"12,950.22","12,950.22","12,537.42",242.64M,-1.50%
31-12-2020,12888.28,"12,852.96","12,904.09","12,804.75",158.54M,0.33%
30-12-2020,12845.36,"12,900.03","12,917.45","12,828.79",136.77M,0.01%
29-12-2020,12843.49,"12,909.86","12,925.53","12,816.59",155.88M,0.04%
28-12-2020,12838.86,"12,813.97","12,861.91","12,747.05",144.84M,1.01%
24-12-2020,12711.01,"12,668.19","12,732.55","12,665.80",72.67M,0.46%
23-12-2020,12653.14,"12,733.75","12,737.59","12,649.60",145.40M,-0.51%
22-12-2020,12717.56,"12,715.48","12,761.23","12,606.42",176.87M,0.22%
21-12-2020,12690.26,"12,575.60","12,706.44","12,474.03",216.76M,-0.38%
18-12-2020,12738.18,"12,786.92","12,793.47","12,611.22",682.51M,-0.11%
17-12-2020,12752.06,"12,741.64","12,760.97","12,685.98",178.08M,0.66%
16-12-2020,12668.16,"12,607.87","12,698.11","12,568.71",184.13M,0.57%
15-12-2020,12595.92,"12,565.28","12,596.84","12,467.57",194.79M,1.07%
14-12-2020,12462.21,"12,427.86","12,544.31","12,426.25",206.34M,0.70%
11-12-2020,12375.41,"12,327.07","12,378.61","12,236.80",170.46M,-0.21%
10-12-2020,12401.74,"12,268.47","12,447.85","12,226.13",182.10M,0.30%
09-12-2020,12364.64,"12,626.97","12,643.24","12,311.30",227.70M,-2.15%
08-12-2020,12635.72,"12,574.84","12,651.35","12,504.97",168.73M,0.31%
07-12-2020,12596.47,"12,523.57","12,610.00","12,523.12",169.91M,0.54%
04-12-2020,12528.48,"12,479.91","12,531.21","12,450.51",168.42M,0.49%
03-12-2020,12467.13,"12,469.16","12,538.92","12,445.36",180.46M,0.09%
02-12-2020,12456.41,"12,390.58","12,472.25","12,318.27",176.96M,0.01%
01-12-2020,12455.33,"12,387.62","12,510.02","12,338.36",227.09M,1.52%
30-11-2020,12268.32,"12,278.78","12,299.61","12,090.93",354.41M,0.08%
27-11-2020,12258.21,"12,220.37","12,306.71","12,214.44",101.90M,0.87%
25-11-2020,12152.22,"12,112.11","12,174.99","12,081.51",164.42M,0.60%
24-11-2020,12079.81,"11,952.70","12,094.16","11,878.31",211.73M,1.46%
23-11-2020,11905.94,"11,959.89","12,001.83","11,817.53",189.11M,0.00%
20-11-2020,11906.44,"11,976.00","12,017.42","11,903.57",192.39M,-0.66%
19-11-2020,11985.43,"11,863.12","12,000.29","11,842.67",179.58M,0.76%
18-11-2020,11894.71,"11,963.36","12,027.15","11,892.54",200.78M,-0.69%
17-11-2020,11977.49,"12,030.27","12,047.13","11,964.20",194.30M,-0.30%
16-11-2020,12013.39,"11,925.36","12,035.50","11,891.85",213.93M,0.63%
13-11-2020,11937.84,"11,910.62","11,957.09","11,808.94",169.68M,0.94%
12-11-2020,11827.14,"11,924.15","11,976.89","11,786.09",181.21M,-0.55%
11-11-2020,11892.93,"11,734.82","11,904.13","11,714.32",186.65M,2.31%
10-11-2020,11624.29,"11,704.46","11,761.95","11,512.46",260.14M,-1.74%
09-11-2020,11830.39,"12,194.71","12,268.66","11,818.24",318.98M,-2.16%
06-11-2020,12091.35,"12,044.29","12,116.91","11,895.50",177.20M,0.11%
05-11-2020,12078.07,"12,021.77","12,117.04","11,977.07",210.41M,2.56%
04-11-2020,11777.02,"11,627.76","11,846.46","11,564.91",271.40M,4.41%
03-11-2020,11279.91,"11,155.84","11,356.08","11,115.55",193.87M,1.76%
02-11-2020,11084.76,"11,152.48","11,222.52","10,957.11",191.98M,0.29%
30-10-2020,11052.95,"11,265.70","11,293.76","10,960.02",265.83M,-2.62%
29-10-2020,11350.74,"11,214.33","11,467.37","11,187.08",214.42M,1.87%
28-10-2020,11142.76,"11,400.48","11,426.10","11,136.10",240.12M,-3.93%
27-10-2020,11598.94,"11,560.86","11,633.49","11,503.10",185.90M,0.82%
26-10-2020,11504.52,"11,584.17","11,708.08","11,360.73",186.91M,-1.61%
23-10-2020,11692.57,"11,680.73","11,693.01","11,569.09",152.72M,0.25%
22-10-2020,11662.91,"11,712.64","11,739.22","11,529.73",167.16M,-0.02%
21-10-2020,11665.37,"11,686.19","11,789.46","11,646.48",162.02M,-0.11%
20-10-2020,11677.84,"11,679.08","11,801.40","11,613.76",155.09M,0.37%
19-10-2020,11634.35,"11,913.01","11,962.47","11,606.48",184.09M,-1.84%
16-10-2020,11852.17,"11,952.12","12,034.13","11,824.14",194.99M,-0.39%
15-10-2020,11898.57,"11,767.27","11,928.63","11,765.49",158.29M,-0.72%
14-10-2020,11985.36,"12,105.10","12,159.21","11,913.57",176.43M,-0.81%
13-10-2020,12083.17,"12,131.07","12,187.78","12,032.75",200.44M,-0.04%
12-10-2020,12088.11,"11,900.12","12,204.75","11,880.23",233.33M,3.09%
09-10-2020,11725.85,"11,615.57","11,727.60","11,600.86",182.99M,1.51%
08-10-2020,11550.94,"11,576.44","11,582.78","11,510.24",148.36M,0.42%
07-10-2020,11503.19,"11,412.65","11,519.55","11,382.49",168.07M,1.88%
06-10-2020,11291.27,"11,476.67","11,536.42","11,256.26",194.81M,-1.89%
05-10-2020,11509.06,"11,345.24","11,512.06","11,336.07",162.99M,2.25%
02-10-2020,11255.69,"11,328.85","11,479.08","11,225.17",204.69M,-2.83%
01-10-2020,11583.2,"11,554.96","11,606.73","11,488.59",191.86M,1.45%
30-09-2020,11418.06,"11,328.55","11,535.01","11,328.55",262.85M,0.84%
29-09-2020,11322.95,"11,354.70","11,396.22","11,305.79",165.93M,-0.37%
28-09-2020,11364.45,"11,332.32","11,369.40","11,243.24",216.54M,1.91%
25-09-2020,11151.13,"10,910.50","11,177.74","10,851.68",201.77M,2.34%
24-09-2020,10896.47,"10,746.35","11,026.43","10,728.41",223.64M,0.58%
23-09-2020,10833.33,"11,167.22","11,179.59","10,806.05",245.50M,-3.16%
22-09-2020,11186.37,"11,082.09","11,207.08","10,943.26",220.92M,1.88%
21-09-2020,10980.22,"10,768.01","10,984.76","10,677.85",276.56M,0.40%
18-09-2020,10936.98,"11,147.80","11,153.97","10,769.40",537.37M,-1.30%
17-09-2020,11080.95,"10,965.74","11,160.04","10,936.80",271.15M,-1.48%
16-09-2020,11247.6,"11,467.90","11,486.09","11,242.96",233.92M,-1.67%
15-09-2020,11438.87,"11,432.94","11,495.40","11,367.20",216.66M,1.43%
14-09-2020,11277.76,"11,250.80","11,363.25","11,192.82",220.45M,1.72%
11-09-2020,11087.4,"11,251.19","11,280.41","10,945.22",221.40M,-0.60%
10-09-2020,11154.12,"11,501.43","11,566.34","11,095.94",249.80M,-2.12%
09-09-2020,11395.85,"11,308.25","11,480.37","11,197.13",266.99M,2.96%
08-09-2020,11068.26,"11,143.91","11,400.45","11,055.16",338.09M,-4.77%
04-09-2020,11622.13,"11,686.24","11,846.18","11,145.99",364.55M,-1.27%
03-09-2020,11771.36,"12,195.75","12,235.00","11,662.10",359.31M,-5.23%
02-09-2020,12420.54,"12,417.45","12,439.48","12,176.18",273.59M,1.04%
01-09-2020,12292.86,"12,203.36","12,300.44","12,132.78",228.04M,1.50%
31-08-2020,12110.7,"12,017.46","12,167.46","12,000.11",298.83M,0.96%
28-08-2020,11995.85,"11,992.68","12,018.14","11,928.69",166.46M,0.58%
27-08-2020,11926.16,"11,997.89","12,047.99","11,842.84",181.53M,-0.38%
26-08-2020,11971.94,"11,779.35","11,979.65","11,768.00",182.20M,2.13%
25-08-2020,11721.81,"11,610.58","11,723.94","11,580.89",154.17M,0.82%
24-08-2020,11626.17,"11,703.34","11,728.09","11,535.55",178.39M,0.61%
21-08-2020,11555.16,"11,476.85","11,574.79","11,461.53",191.26M,0.68%
20-08-2020,11477.05,"11,277.05","11,497.18","11,268.46",159.03M,1.40%
19-08-2020,11318.64,"11,397.23","11,440.22","11,303.40",166.03M,-0.71%
18-08-2020,11399.03,"11,339.76","11,421.10","11,279.08",147.12M,0.98%
17-08-2020,11288.57,"11,231.97","11,306.47","11,228.14",156.82M,1.11%
14-08-2020,11164.45,"11,187.82","11,213.27","11,106.93",136.45M,-0.12%
13-08-2020,11178.37,"11,174.64","11,271.22","11,139.64",166.06M,0.19%
12-08-2020,11157.72,"10,972.07","11,190.25","10,970.87",179.14M,2.59%
11-08-2020,10876.08,"11,039.68","11,090.92","10,855.06",200.26M,-1.89%
10-08-2020,11085.17,"11,153.51","11,159.38","10,941.87",172.56M,-0.49%
07-08-2020,11139.39,"11,235.24","11,276.30","11,044.60",178.26M,-1.13%
06-08-2020,11267.08,"11,116.49","11,282.24","11,090.50",166.94M,1.27%
05-08-2020,11125.44,"11,107.24","11,141.68","11,077.70",153.58M,0.26%
04-08-2020,11096.54,"11,048.50","11,097.85","11,002.55",187.55M,0.38%
03-08-2020,11055.08,"11,018.02","11,085.50","10,997.67",188.62M,1.37%
31-07-2020,10905.88,"10,886.36","10,908.34","10,707.40",266.97M,1.78%
30-07-2020,10715.51,"10,578.62","10,737.03","10,531.79",186.22M,0.49%
29-07-2020,10662.98,"10,602.40","10,694.88","10,587.19",183.48M,1.24%
28-07-2020,10532.5,"10,644.33","10,662.19","10,527.43",166.36M,-1.33%
27-07-2020,10674.38,"10,547.11","10,689.55","10,527.64",192.23M,1.82%
24-07-2020,10483.13,"10,389.53","10,543.42","10,313.94",250.10M,-0.92%
23-07-2020,10580.59,"10,853.16","10,885.38","10,531.22",221.22M,-2.67%
22-07-2020,10870.75,"10,850.92","10,910.24","10,776.24",169.30M,0.35%
21-07-2020,10833.07,"11,015.54","11,017.43","10,800.87",178.28M,-1.09%
20-07-2020,10952.08,"10,672.96","10,971.52","10,621.90",179.78M,2.88%
17-07-2020,10645.22,"10,651.59","10,680.70","10,558.78",164.99M,0.18%
16-07-2020,10626.46,"10,589.86","10,658.90","10,495.09",153.12M,-0.70%
15-07-2020,10701.68,"10,752.11","10,780.40","10,570.96",186.63M,0.11%
14-07-2020,10689.52,"10,502.85","10,701.88","10,370.79",212.71M,0.82%
13-07-2020,10602.21,"10,951.54","11,069.26","10,574.56",228.08M,-2.16%
10-07-2020,10836.33,"10,751.77","10,842.78","10,639.48",160.27M,0.76%
09-07-2020,10754.59,"10,745.87","10,785.96","10,574.97",187.39M,0.82%
08-07-2020,10666.7,"10,594.41","10,669.13","10,528.82",160.41M,1.36%
07-07-2020,10524.01,"10,595.94","10,704.93","10,516.63",157.46M,-0.75%
06-07-2020,10604.06,"10,487.70","10,625.09","10,485.82",179.09M,2.54%
02-07-2020,10341.89,"10,386.38","10,432.55","10,328.77",167.92M,0.61%
01-07-2020,10279.25,"10,160.41","10,321.77","10,142.75",167.52M,1.21%
30-06-2020,10156.85,"9,970.21","10,185.35","9,956.83",231.72M,1.96%
29-06-2020,9961.16,"9,850.55","9,965.08","9,742.89",174.38M,1.14%
26-06-2020,9849.36,"10,087.08","10,093.98","9,837.74",388.86M,-2.50%
25-06-2020,10101.83,"10,003.50","10,110.29","9,901.21",193.36M,0.99%
24-06-2020,10002.7,"10,183.77","10,232.42","9,943.24",231.67M,-2.03%
23-06-2020,10209.82,"10,192.42","10,306.90","10,172.07",186.84M,0.78%
22-06-2020,10130.33,"10,009.00","10,134.64","9,989.49",184.21M,1.22%
19-06-2020,10008.64,"10,104.63","10,121.67","9,937.82",500.55M,-0.03%
18-06-2020,10012.05,"9,972.35","10,018.56","9,942.11",187.25M,0.30%
17-06-2020,9982.48,"9,998.86","10,058.65","9,952.50",182.06M,0.33%
16-06-2020,9949.37,"9,983.65","10,010.89","9,801.45",230.08M,1.76%
15-06-2020,9776.89,"9,517.14","9,809.41","9,489.58",220.04M,1.17%
12-06-2020,9663.77,"9,785.58","9,849.01","9,499.09",248.83M,0.79%
11-06-2020,9588.48,"9,907.56","9,978.19","9,586.25",296.60M,-5.01%
10-06-2020,10094.26,"10,037.98","10,155.20","10,022.44",220.86M,1.28%
09-06-2020,9967.17,"9,861.18","10,006.90","9,859.00",196.91M,0.66%
08-06-2020,9901.52,"9,805.69","9,904.51","9,753.87",205.94M,0.79%
05-06-2020,9824.39,"9,673.09","9,846.63","9,659.45",264.66M,2.02%
04-06-2020,9629.66,"9,672.17","9,741.97","9,577.70",217.35M,-0.77%
03-06-2020,9704.69,"9,689.72","9,729.69","9,648.93",199.55M,0.49%
02-06-2020,9657.31,"9,603.18","9,660.08","9,511.88",196.14M,0.61%
01-06-2020,9598.89,"9,526.43","9,609.38","9,515.34",163.31M,0.45%
29-05-2020,9555.52,"9,440.64","9,573.55","9,379.93",371.13M,1.47%
28-05-2020,9416.71,"9,404.83","9,568.89","9,391.84",198.21M,-0.27%
27-05-2020,9442.05,"9,366.63","9,445.06","9,182.45",223.93M,0.55%
26-05-2020,9389.98,"9,570.53","9,570.53","9,379.90",213.73M,-0.26%
22-05-2020,9413.99,"9,363.67","9,421.93","9,325.07",140.23M,0.38%
21-05-2020,9377.99,"9,487.63","9,515.05","9,361.83",172.11M,-1.13%
20-05-2020,9485.02,"9,415.25","9,498.28","9,412.83",194.16M,2.01%
19-05-2020,9298.54,"9,326.28","9,422.90","9,296.25",191.26M,-0.36%
18-05-2020,9331.93,"9,281.35","9,367.54","9,248.78",223.30M,1.96%
15-05-2020,9152.64,"8,976.29","9,157.46","8,958.08",263.65M,0.64%
14-05-2020,9094.42,"8,946.45","9,097.75","8,860.77",219.79M,1.05%
13-05-2020,9000.08,"9,123.69","9,209.49","8,890.16",225.69M,-1.23%
12-05-2020,9112.45,"9,326.06","9,354.45","9,109.09",178.67M,-2.01%
11-05-2020,9298.92,"9,155.21","9,346.27","9,155.21",175.01M,0.85%
08-05-2020,9220.35,"9,165.70","9,224.49","9,126.97",168.14M,1.30%
07-05-2020,9101.88,"9,104.67","9,136.18","9,045.23",173.27M,1.30%
06-05-2020,8984.86,"8,997.02","9,065.58","8,950.89",166.50M,0.61%
05-05-2020,8930.62,"8,922.39","9,031.00","8,900.57",171.93M,1.09%
04-05-2020,8834.11,"8,683.94","8,840.33","8,665.40",189.30M,1.33%
01-05-2020,8718.18,"8,791.88","8,887.58","8,688.58",221.88M,-3.14%
30-04-2020,9000.51,"9,005.24","9,023.03","8,920.42",292.02M,0.20%
29-04-2020,8982.76,"8,871.04","9,025.82","8,832.00",260.58M,3.52%
28-04-2020,8677.6,"8,913.28","8,918.38","8,668.67",194.82M,-1.81%
27-04-2020,8837.66,"8,865.58","8,887.62","8,803.89",171.86M,0.58%
24-04-2020,8786.6,"8,666.57","8,791.36","8,599.99",184.54M,1.68%
23-04-2020,8641.5,"8,693.73","8,796.49","8,624.63",217.29M,-0.27%
22-04-2020,8664.64,"8,575.57","8,708.48","8,550.61",209.21M,3.11%
21-04-2020,8403,"8,639.74","8,663.09","8,359.84",239.97M,-3.71%
20-04-2020,8726.51,"8,742.54","8,855.18","8,725.33",196.29M,-1.20%
17-04-2020,8832.41,"8,876.66","8,879.24","8,704.38",292.75M,0.85%
16-04-2020,8757.83,"8,689.09","8,793.35","8,605.51",237.93M,1.93%
15-04-2020,8591.96,"8,548.47","8,666.24","8,500.56",215.83M,-1.15%
14-04-2020,8692.16,"8,489.27","8,708.55","8,470.74",233.39M,4.31%
13-04-2020,8332.74,"8,209.68","8,338.15","8,158.58",204.11M,1.14%
09-04-2020,8238.53,"8,284.31","8,334.23","8,167.93",259.06M,0.11%
08-04-2020,8229.54,"8,134.30","8,254.41","8,058.41",229.17M,2.24%
07-04-2020,8049.31,"8,287.48","8,305.59","8,043.07",288.35M,-0.40%
06-04-2020,8081.66,"7,819.06","8,110.66","7,763.09",310.17M,7.35%
03-04-2020,7528.11,"7,631.57","7,673.49","7,439.78",227.73M,-1.41%
02-04-2020,7635.66,"7,445.88","7,641.86","7,432.28",248.65M,2.00%
01-04-2020,7486.29,"7,582.78","7,701.68","7,423.97",261.15M,-4.19%
31-03-2020,7813.5,"7,855.74","8,011.60","7,765.45",315.42M,-0.96%
30-03-2020,7889.01,"7,678.83","7,902.09","7,651.43",247.99M,3.96%
27-03-2020,7588.37,"7,657.44","7,817.74","7,580.22",262.61M,-3.91%
26-03-2020,7897.13,"7,549.83","7,913.11","7,549.83",326.89M,5.72%
25-03-2020,7469.61,"7,543.96","7,777.61","7,390.41",368.48M,-1.11%
24-03-2020,7553.82,"7,348.99","7,555.91","7,304.39",395.51M,7.81%
23-03-2020,7006.92,"6,952.71","7,145.29","6,771.91",361.83M,0.18%
20-03-2020,6994.29,"7,391.22","7,487.83","6,969.77",493.59M,-4.04%
19-03-2020,7288.52,"7,190.21","7,514.14","7,037.47",374.51M,1.58%
18-03-2020,7175.18,"7,023.86","7,336.88","6,837.53",430.31M,-4.00%
17-03-2020,7473.95,"7,198.53","7,550.13","6,959.15",415.15M,6.46%
16-03-2020,7020.38,"7,502.26","7,563.45","6,993.61",441.73M,-12.19%
13-03-2020,7995.26,"7,683.04","7,998.51","7,301.88",423.68M,10.07%
12-03-2020,7263.65,"7,452.76","7,808.31","7,255.61",454.89M,-9.27%
11-03-2020,8006.12,"8,166.26","8,224.73","7,900.99",316.15M,-4.37%
10-03-2020,8372.26,"8,213.97","8,376.44","7,942.13",336.12M,5.34%
09-03-2020,7948.03,"7,912.14","8,241.77","7,912.14",380.28M,-6.83%
06-03-2020,8530.34,"8,395.95","8,571.88","8,319.90",306.19M,-1.63%
05-03-2020,8671.66,"8,713.19","8,864.19","8,613.91",265.85M,-3.10%
04-03-2020,8949.28,"8,745.64","8,952.11","8,669.76",256.13M,4.13%
03-03-2020,8594.49,"8,892.68","9,000.46","8,516.58",353.15M,-3.19%
02-03-2020,8877.98,"8,569.91","8,879.39","8,446.50",350.57M,4.92%
28-02-2020,8461.83,"8,133.85","8,490.47","8,133.85",467.92M,0.30%
27-02-2020,8436.67,"8,632.54","8,786.68","8,430.53",358.27M,-4.93%
26-02-2020,8873.76,"8,883.01","9,032.88","8,813.92",250.71M,0.44%
25-02-2020,8834.86,"9,167.33","9,183.78","8,807.10",279.61M,-2.70%
24-02-2020,9079.63,"9,055.30","9,194.91","9,028.87",270.43M,-3.89%
21-02-2020,9446.69,"9,582.54","9,594.00","9,406.38",201.72M,-1.88%
20-02-2020,9627.83,"9,696.66","9,714.23","9,513.23",159.56M,-0.94%
19-02-2020,9718.73,"9,683.94","9,736.57","9,676.07",148.28M,0.92%
18-02-2020,9629.8,"9,567.27","9,647.72","9,567.27",152.63M,0.06%
14-02-2020,9623.58,"9,613.88","9,634.75","9,583.08",145.56M,0.29%
13-02-2020,9595.7,"9,540.67","9,636.41","9,532.74",162.35M,-0.18%
12-02-2020,9613.2,"9,569.82","9,615.91","9,552.03",166.20M,1.00%
11-02-2020,9517.86,"9,567.82","9,600.05","9,493.63",152.23M,0.01%
10-02-2020,9516.84,"9,373.20","9,517.74","9,373.20",154.24M,1.23%
07-02-2020,9401.1,"9,397.76","9,453.24","9,376.91",153.80M,-0.47%
06-02-2020,9445.92,"9,395.69","9,448.72","9,357.86",165.90M,0.84%
05-02-2020,9367.48,"9,441.34","9,442.75","9,311.88",193.60M,0.36%
04-02-2020,9334.06,"9,256.94","9,352.96","9,224.86",199.77M,2.28%
03-02-2020,9126.23,"9,033.52","9,148.50","9,031.07",183.06M,1.50%
31-01-2020,8991.51,"9,169.91","9,170.22","8,961.59",217.22M,-1.58%
30-01-2020,9136.09,"9,038.92","9,140.69","9,019.72",185.28M,0.38%
29-01-2020,9101.61,"9,141.52","9,153.08","9,067.29",173.46M,0.12%
28-01-2020,9090.93,"9,013.23","9,111.32","8,994.28",154.54M,1.55%
27-01-2020,8952.18,"8,913.16","9,001.44","8,910.97",193.02M,-2.07%
24-01-2020,9141.47,"9,266.35","9,272.37","9,101.44",187.99M,-0.82%
23-01-2020,9216.98,"9,186.14","9,221.13","9,145.23",166.79M,0.31%
22-01-2020,9188.58,"9,212.35","9,242.48","9,179.27",158.72M,0.24%
21-01-2020,9166.63,"9,145.64","9,187.42","9,141.78",187.35M,-0.08%
17-01-2020,9173.73,"9,159.48","9,176.47","9,118.98",200.48M,0.53%
16-01-2020,9125,"9,088.08","9,126.07","9,066.31",143.14M,0.99%
15-01-2020,9035.67,"9,039.31","9,078.87","9,008.95",136.69M,0.02%
14-01-2020,9033.42,"9,068.02","9,080.16","9,020.92",154.92M,-0.41%
13-01-2020,9070.65,"9,007.94","9,071.53","8,991.35",140.34M,1.16%
10-01-2020,8966.64,"9,021.88","9,024.87","8,951.83",134.20M,-0.26%
09-01-2020,8989.63,"8,990.04","9,004.55","8,938.53",150.73M,0.87%
08-01-2020,8912.37,"8,845.45","8,953.55","8,834.94",164.57M,0.75%
07-01-2020,8846.45,"8,857.14","8,872.47","8,821.68",151.39M,-0.02%
06-01-2020,8848.51,"8,713.89","8,849.98","8,713.89",142.38M,0.62%
03-01-2020,8793.9,"8,755.17","8,843.65","8,755.17",144.75M,-0.88%
02-01-2020,8872.22,"8,802.22","8,873.63","8,786.90",152.65M,1.59%
31-12-2019,8733.07,"8,681.33","8,735.43","8,674.38",112.90M,0.27%
30-12-2019,8709.73,"8,766.39","8,768.30","8,671.92",103.89M,-0.70%
27-12-2019,8770.98,"8,805.86","8,811.10","8,749.86",101.44M,-0.08%
26-12-2019,8778.31,"8,717.95","8,778.33","8,716.03",92.59M,0.91%
24-12-2019,8699.51,"8,705.30","8,708.23","8,684.12",50.47M,0.04%
23-12-2019,8696.01,"8,703.06","8,710.90","8,690.15",130.53M,0.20%
20-12-2019,8678.49,"8,666.57","8,687.66","8,656.48",465.71M,0.43%
19-12-2019,8641.29,"8,592.68","8,642.74","8,592.68",166.60M,0.71%
18-12-2019,8580.62,"8,587.20","8,608.10","8,578.56",165.63M,0.06%
17-12-2019,8575.7,"8,586.33","8,592.45","8,564.15",155.21M,0.06%
16-12-2019,8570.33,"8,544.26","8,584.78","8,542.42",178.13M,0.97%
13-12-2019,8487.71,"8,461.42","8,517.52","8,441.89",168.75M,0.25%
12-12-2019,8466.89,"8,391.92","8,493.11","8,380.09",189.66M,0.76%
11-12-2019,8402.61,"8,371.65","8,408.08","8,361.37",131.86M,0.58%
10-12-2019,8354.29,"8,364.55","8,392.89","8,339.37",130.55M,-0.10%
09-12-2019,8362.74,"8,388.75","8,425.77","8,359.87",134.36M,-0.41%
06-12-2019,8397.37,"8,370.23","8,405.85","8,365.25",127.30M,1.07%
05-12-2019,8308.4,"8,321.19","8,321.19","8,272.83",125.93M,0.14%
04-12-2019,8296.53,"8,291.86","8,316.45","8,285.88",137.57M,0.51%
03-12-2019,8254.74,"8,201.63","8,258.41","8,167.35",162.29M,-0.66%
02-12-2019,8309.26,"8,409.87","8,409.87","8,274.61",144.81M,-1.12%
29-11-2019,8403.68,"8,422.02","8,435.96","8,402.13",80.47M,-0.49%
27-11-2019,8444.71,"8,407.24","8,445.60","8,399.63",114.02M,0.70%
26-11-2019,8385.75,"8,374.26","8,398.04","8,364.11",233.83M,0.17%
25-11-2019,8371.93,"8,309.55","8,372.82","8,309.55",154.32M,1.21%
22-11-2019,8272.05,"8,287.25","8,292.11","8,229.49",126.47M,0.08%
21-11-2019,8265.62,"8,273.95","8,282.33","8,242.22",145.46M,-0.22%
20-11-2019,8283.75,"8,315.55","8,339.26","8,226.25",271.48M,-0.66%
19-11-2019,8338.74,"8,357.43","8,357.80","8,308.27",155.13M,0.12%
18-11-2019,8328.48,"8,303.22","8,340.41","8,274.68",151.11M,0.16%
15-11-2019,8315.52,"8,303.84","8,315.90","8,284.20",184.10M,0.70%
14-11-2019,8257.83,"8,238.85","8,264.94","8,212.59",132.49M,-0.02%
13-11-2019,8259.81,"8,235.68","8,274.61","8,233.38",136.69M,-0.05%
12-11-2019,8263.79,"8,249.62","8,293.18","8,238.33",129.36M,0.27%
11-11-2019,8241.91,"8,212.37","8,245.89","8,202.36",112.62M,-0.17%
08-11-2019,8255.89,"8,208.37","8,256.29","8,186.31",135.07M,0.44%
07-11-2019,8219.65,"8,237.68","8,271.82","8,198.91",166.56M,0.29%
06-11-2019,8196.03,"8,204.34","8,204.34","8,157.36",144.67M,-0.17%
05-11-2019,8210.17,"8,225.34","8,229.09","8,191.05",153.80M,-0.01%
04-11-2019,8210.66,"8,218.93","8,228.33","8,197.32",150.90M,0.61%
01-11-2019,8161.17,"8,121.95","8,161.98","8,111.73",162.54M,0.96%
31-10-2019,8083.83,"8,100.62","8,110.44","8,041.65",180.21M,0.01%
30-10-2019,8083.11,"8,056.90","8,096.32","8,017.92",140.82M,0.44%
29-10-2019,8047.51,"8,101.55","8,108.61","8,045.64",135.78M,-0.78%
28-10-2019,8110.67,"8,071.39","8,119.73","8,070.90",140.84M,1.01%
25-10-2019,8029.22,"7,926.60","8,033.29","7,926.60",150.68M,0.78%
24-10-2019,7966.72,"7,956.23","7,969.66","7,912.72",158.18M,0.98%
23-10-2019,7889.47,"7,858.48","7,890.21","7,845.09",136.79M,0.19%
22-10-2019,7874.62,"7,968.25","7,977.01","7,871.98",139.02M,-0.83%
21-10-2019,7940.33,"7,911.58","7,941.48","7,887.74",133.09M,0.91%
18-10-2019,7868.49,"7,938.30","7,946.81","7,829.75",176.07M,-0.93%
17-10-2019,7942.14,"7,976.64","7,981.14","7,914.94",124.57M,0.28%
16-10-2019,7920.21,"7,911.99","7,941.76","7,898.31",134.26M,-0.29%
15-10-2019,7942.85,"7,867.96","7,960.14","7,863.65",126.12M,1.28%
14-10-2019,7842.33,"7,834.74","7,865.67","7,827.16",112.43M,-0.02%
11-10-2019,7843.88,"7,835.93","7,904.05","7,831.11",180.49M,1.34%
10-10-2019,7740.36,"7,688.42","7,772.68","7,682.61",126.74M,0.65%
09-10-2019,7690.53,"7,678.66","7,717.94","7,655.48",114.22M,1.13%
08-10-2019,7604.27,"7,671.38","7,707.17","7,603.76",152.36M,-1.56%
07-10-2019,7725.13,"7,725.68","7,784.79","7,712.68",130.61M,-0.37%
04-10-2019,7754.1,"7,677.32","7,759.36","7,670.92",134.98M,1.51%
03-10-2019,7638.4,"7,557.19","7,640.42","7,463.57",152.63M,1.16%
02-10-2019,7550.79,"7,627.59","7,631.34","7,513.69",187.74M,-1.74%
01-10-2019,7684.14,"7,782.82","7,821.73","7,675.42",150.44M,-0.84%
30-09-2019,7749.45,"7,705.97","7,761.84","7,693.49",144.63M,0.88%
27-09-2019,7681.58,"7,786.03","7,790.80","7,626.82",170.02M,-1.16%
26-09-2019,7771.99,"7,794.28","7,798.12","7,718.69",146.93M,-0.40%
25-09-2019,7803.54,"7,706.50","7,822.43","7,647.63",154.55M,1.21%
24-09-2019,7710.04,"7,855.97","7,873.25","7,684.80",205.30M,-1.39%
23-09-2019,7818.61,"7,815.23","7,842.98","7,790.29",138.57M,-0.06%
20-09-2019,7823.55,"7,901.46","7,920.53","7,794.27",425.83M,-0.99%
19-09-2019,7901.79,"7,904.40","7,950.21","7,888.31",136.33M,0.17%
18-09-2019,7888.56,"7,877.58","7,891.17","7,791.58",148.23M,0.00%
17-09-2019,7888.79,"7,849.88","7,891.21","7,840.99",131.29M,0.46%
16-09-2019,7852.41,"7,833.73","7,868.73","7,831.76",127.98M,-0.51%
13-09-2019,7892.95,"7,903.73","7,923.41","7,879.59",137.91M,-0.31%
12-09-2019,7917.34,"7,931.97","7,975.33","7,907.33",172.95M,0.38%
11-09-2019,7887.58,"7,820.71","7,888.34","7,812.07",174.74M,0.93%
10-09-2019,7814.74,"7,793.27","7,817.58","7,743.61",169.12M,-0.23%
09-09-2019,7832.4,"7,876.40","7,877.41","7,795.86",164.52M,-0.26%
06-09-2019,7852.54,"7,868.87","7,874.99","7,835.89",143.93M,-0.13%
05-09-2019,7862.54,"7,803.45","7,879.97","7,803.45",177.17M,1.86%
04-09-2019,7719.25,"7,683.78","7,724.91","7,663.64",152.71M,1.44%
03-09-2019,7609.51,"7,634.03","7,670.17","7,584.82",141.82M,-1.06%
30-08-2019,7691,"7,743.23","7,747.08","7,642.90",155.12M,-0.15%
29-08-2019,7702.31,"7,678.69","7,723.94","7,654.31",132.36M,1.51%
28-08-2019,7587.9,"7,536.70","7,598.15","7,500.22",127.12M,0.29%
27-08-2019,7566.03,"7,630.46","7,640.68","7,531.97",161.64M,-0.12%
26-08-2019,7575.02,"7,540.69","7,577.77","7,506.17",141.31M,1.47%
23-08-2019,7464.99,"7,658.48","7,722.43","7,442.93",226.23M,-3.15%
22-08-2019,7707.43,"7,750.98","7,764.79","7,649.28",134.14M,-0.33%
21-08-2019,7733.22,"7,731.75","7,754.66","7,706.57",114.96M,0.90%
20-08-2019,7664.47,"7,708.31","7,731.31","7,664.21",136.55M,-0.71%
19-08-2019,7719.32,"7,715.41","7,740.74","7,688.09",158.81M,1.52%
16-08-2019,7604.11,"7,548.90","7,622.73","7,548.90",172.43M,1.59%
15-08-2019,7484.89,"7,503.14","7,523.50","7,429.36",175.07M,-0.07%
14-08-2019,7490.13,"7,594.64","7,621.70","7,480.58",227.84M,-3.08%
13-08-2019,7728.15,"7,561.68","7,778.34","7,553.33",213.47M,2.20%
12-08-2019,7561.68,"7,597.19","7,623.44","7,528.95",166.70M,-1.11%
09-08-2019,7646.27,"7,684.56","7,709.51","7,591.14",177.03M,-1.02%
08-08-2019,7724.83,"7,608.03","7,726.46","7,576.82",220.27M,2.29%
07-08-2019,7551.9,"7,436.14","7,569.90","7,386.39",192.75M,0.41%
06-08-2019,7521.32,"7,492.02","7,541.74","7,432.31",188.95M,1.42%
05-08-2019,7415.69,"7,510.02","7,528.90","7,356.27",260.46M,-3.60%
02-08-2019,7692.8,"7,740.91","7,755.09","7,645.18",195.78M,-1.39%
01-08-2019,7801.15,"7,866.60","8,000.94","7,769.02",229.35M,-0.61%
31-07-2019,7848.78,"7,972.76","7,979.20","7,774.93",241.20M,-1.30%
30-07-2019,7952.47,"7,927.56","7,983.11","7,923.45",145.34M,-0.46%
29-07-2019,7989.08,"8,010.05","8,010.05","7,939.98",166.74M,-0.35%
26-07-2019,8016.95,"7,992.12","8,027.18","7,986.72",166.61M,1.10%
25-07-2019,7929.87,"7,979.14","7,983.96","7,921.21",176.53M,-1.01%
24-07-2019,8010.6,"7,928.78","8,010.83","7,926.98",169.25M,0.70%
23-07-2019,7954.56,"7,946.05","7,955.09","7,895.05",138.29M,0.63%
22-07-2019,7905.12,"7,862.38","7,918.47","7,862.27",149.00M,0.90%
19-07-2019,7834.9,"7,944.86","7,950.23","7,832.39",177.80M,-0.88%
18-07-2019,7904.13,"7,850.12","7,912.33","7,827.49",156.44M,0.19%
17-07-2019,7888.76,"7,927.91","7,941.10","7,887.98",144.40M,-0.48%
16-07-2019,7927.08,"7,958.44","7,965.76","7,904.95",139.65M,-0.50%
15-07-2019,7966.93,"7,961.07","7,969.79","7,940.45",149.41M,0.30%
12-07-2019,7943.24,"7,908.58","7,944.08","7,900.39",178.33M,0.59%
11-07-2019,7896.78,"7,918.65","7,934.60","7,873.16",149.72M,-0.08%
10-07-2019,7903.4,"7,869.73","7,923.93","7,858.68",165.08M,0.98%
09-07-2019,7826.86,"7,748.29","7,833.93","7,748.23",146.88M,0.53%
08-07-2019,7785.79,"7,790.46","7,792.20","7,756.11",143.85M,-0.71%
05-07-2019,7841.3,"7,806.07","7,854.71","7,774.59",125.48M,-0.21%
03-07-2019,7857.69,"7,819.06","7,857.69","7,811.29",111.14M,0.74%
02-07-2019,7799.82,"7,763.03","7,800.47","7,746.01",139.65M,0.41%
01-07-2019,7768.14,"7,816.56","7,820.81","7,735.67",182.63M,1.27%
28-06-2019,7671.07,"7,674.52","7,682.26","7,639.44",318.50M,0.18%
27-06-2019,7657.05,"7,656.68","7,672.98","7,636.72",150.21M,0.39%
26-06-2019,7627.05,"7,642.92","7,688.64","7,616.91",192.60M,0.47%
25-06-2019,7591.54,"7,720.91","7,723.04","7,584.16",173.04M,-1.70%
24-06-2019,7723.02,"7,737.01","7,746.68","7,720.78",153.06M,-0.07%
21-06-2019,7728.78,"7,719.42","7,772.53","7,708.24",385.16M,-0.12%
20-06-2019,7738.06,"7,770.17","7,770.61","7,681.43",170.38M,0.92%
19-06-2019,7667.74,"7,652.52","7,681.56","7,606.28",166.28M,0.42%
18-06-2019,7635.4,"7,606.61","7,689.08","7,595.59",197.02M,1.45%
17-06-2019,7526.52,"7,500.28","7,546.99","7,492.17",147.03M,0.63%
14-06-2019,7479.11,"7,476.47","7,500.74","7,454.87",152.29M,-0.42%
13-06-2019,7510.68,"7,500.85","7,530.90","7,487.09",140.05M,0.51%
12-06-2019,7472.29,"7,493.55","7,507.52","7,459.20",141.90M,-0.55%
11-06-2019,7513.85,"7,584.75","7,595.57","7,489.99",162.20M,0.16%
10-06-2019,7501.93,"7,472.60","7,573.00","7,468.16",176.90M,1.14%
07-06-2019,7417.29,"7,315.33","7,445.99","7,309.01",176.53M,1.94%
06-06-2019,7275.93,"7,229.86","7,293.22","7,201.59",172.72M,0.76%
05-06-2019,7220.9,"7,230.81","7,235.23","7,146.43",181.76M,0.76%
04-06-2019,7166.75,"7,056.18","7,169.79","7,023.10",217.17M,2.70%
03-06-2019,6978.02,"7,110.34","7,126.43","6,936.68",245.98M,-2.10%
31-05-2019,7127.96,"7,148.71","7,183.23","7,125.97",183.95M,-1.62%
30-05-2019,7245.4,"7,234.83","7,262.77","7,204.42",135.81M,0.40%
29-05-2019,7216.86,"7,222.55","7,254.20","7,176.67",195.44M,-0.85%
28-05-2019,7278.38,"7,321.27","7,362.29","7,274.70",293.46M,-0.31%
24-05-2019,7300.96,"7,353.97","7,371.30","7,294.10",143.59M,-0.10%
23-05-2019,7307.93,"7,331.67","7,337.47","7,261.46",218.84M,-1.52%
22-05-2019,7420.66,"7,413.84","7,458.11","7,410.72",153.96M,-0.41%
21-05-2019,7451.02,"7,442.31","7,472.71","7,417.07",164.74M,1.01%
20-05-2019,7376.7,"7,391.73","7,424.59","7,351.92",211.42M,-1.69%
17-05-2019,7503.68,"7,513.15","7,605.67","7,496.92",212.22M,-1.01%
16-05-2019,7580.14,"7,509.90","7,627.03","7,502.76",189.21M,1.02%
15-05-2019,7503.25,"7,354.82","7,524.22","7,353.90",172.93M,1.37%
14-05-2019,7401.88,"7,366.64","7,449.02","7,337.94",185.93M,1.06%
13-05-2019,7324.13,"7,385.55","7,433.92","7,303.64",253.31M,-3.46%
10-05-2019,7586.53,"7,556.04","7,623.01","7,426.75",198.03M,0.05%
09-05-2019,7582.75,"7,525.81","7,605.03","7,472.71",200.57M,-0.46%
08-05-2019,7617.55,"7,623.32","7,678.82","7,593.75",182.20M,-0.30%
07-05-2019,7640.15,"7,713.49","7,743.06","7,572.61",234.70M,-1.98%
06-05-2019,7794.09,"7,662.92","7,804.55","7,662.92",170.54M,-0.66%
03-05-2019,7845.73,"7,784.29","7,847.52","7,772.44",168.29M,1.58%
02-05-2019,7724.06,"7,751.64","7,791.51","7,672.54",182.85M,-0.36%
01-05-2019,7751.85,"7,828.14","7,851.03","7,749.74",186.86M,-0.38%
30-04-2019,7781.46,"7,769.30","7,792.32","7,726.07",195.63M,-0.73%
29-04-2019,7839.04,"7,825.64","7,851.85","7,812.97",143.98M,0.16%
26-04-2019,7826.68,"7,791.15","7,826.89","7,742.60",187.50M,0.12%
25-04-2019,7816.92,"7,850.71","7,851.98","7,778.23",192.12M,0.42%
24-04-2019,7784.41,"7,813.02","7,827.05","7,783.59",180.44M,-0.34%
23-04-2019,7810.71,"7,724.17","7,819.34","7,719.09",171.31M,1.26%
22-04-2019,7713.49,"7,658.37","7,715.33","7,653.89",129.12M,0.31%
18-04-2019,7689.72,"7,688.93","7,694.18","7,647.40",188.48M,0.12%
17-04-2019,7680.72,"7,705.32","7,715.07","7,659.85",198.94M,0.34%
16-04-2019,7654.73,"7,651.19","7,670.40","7,631.64",165.46M,0.34%
15-04-2019,7629.12,"7,630.60","7,636.81","7,578.54",129.62M,0.01%
12-04-2019,7628.15,"7,624.15","7,630.52","7,596.56",139.85M,0.44%
11-04-2019,7594.89,"7,621.40","7,621.40","7,580.70",128.38M,-0.22%
10-04-2019,7611.49,"7,581.39","7,613.41","7,573.28",135.38M,0.57%
09-04-2019,7568.49,"7,571.88","7,596.75","7,555.62",154.64M,-0.41%
08-04-2019,7599.74,"7,565.06","7,602.08","7,536.42",141.44M,0.28%
05-04-2019,7578.84,"7,564.27","7,581.90","7,554.91",147.63M,0.51%
04-04-2019,7540.57,"7,542.16","7,571.13","7,496.30",164.96M,-0.06%
03-04-2019,7544.97,"7,538.17","7,589.69","7,520.40",218.60M,0.60%
02-04-2019,7499.64,"7,473.51","7,507.05","7,461.51",152.97M,0.28%
01-04-2019,7478.42,"7,450.81","7,481.84","7,422.44",166.95M,1.35%
29-03-2019,7378.77,"7,377.77","7,381.69","7,333.17",201.37M,0.80%
28-03-2019,7320.47,"7,325.06","7,346.04","7,277.69",138.74M,0.17%
27-03-2019,7308.19,"7,364.47","7,376.99","7,252.06",178.22M,-0.58%
26-03-2019,7351.15,"7,378.23","7,417.26","7,314.38",172.87M,0.47%
25-03-2019,7316.96,"7,299.93","7,342.51","7,265.28",168.62M,-0.12%
22-03-2019,7326.06,"7,458.44","7,482.35","7,323.52",219.57M,-2.23%
21-03-2019,7493.27,"7,356.94","7,505.41","7,356.94",220.56M,1.52%
20-03-2019,7380.75,"7,348.99","7,422.76","7,318.42",202.54M,0.43%
19-03-2019,7349.28,"7,357.58","7,390.29","7,321.93",236.91M,0.31%
18-03-2019,7326.28,"7,311.63","7,348.69","7,293.85",179.30M,0.26%
15-03-2019,7306.99,"7,274.14","7,331.30","7,265.64",456.55M,0.88%
14-03-2019,7243.01,"7,257.31","7,267.94","7,240.96",195.34M,-0.19%
13-03-2019,7256.98,"7,231.05","7,292.86","7,229.88",199.87M,0.77%
12-03-2019,7201.28,"7,176.23","7,219.41","7,166.95",175.01M,0.52%
11-03-2019,7164.02,"7,050.05","7,166.93","7,049.56",171.05M,2.11%
08-03-2019,7015.69,"6,940.90","7,018.92","6,940.72",177.75M,-0.16%
07-03-2019,7026.88,"7,089.63","7,097.91","7,001.81",182.76M,-1.20%
06-03-2019,7112.47,"7,156.24","7,162.24","7,104.55",164.73M,-0.62%
05-03-2019,7156.78,"7,156.66","7,178.30","7,120.69",181.03M,0.08%
04-03-2019,7150.83,"7,193.88","7,205.94","7,073.40",200.62M,-0.01%
01-03-2019,7151.57,"7,152.08","7,159.96","7,101.07",182.81M,0.76%
28-02-2019,7097.52,"7,093.20","7,125.92","7,081.92",231.61M,-0.27%
27-02-2019,7117.01,"7,095.75","7,125.78","7,045.41",166.32M,-0.09%
26-02-2019,7123.22,"7,098.97","7,144.65","7,087.14",162.75M,0.11%
25-02-2019,7115.43,"7,144.34","7,161.73","7,111.78",179.06M,0.35%
22-02-2019,7090.62,"7,055.20","7,094.29","7,050.01",197.94M,0.79%
21-02-2019,7035.16,"7,047.08","7,063.07","7,001.80",158.19M,-0.38%
20-02-2019,7062.34,"7,070.23","7,096.15","7,027.37",169.85M,-0.06%
19-02-2019,7066.61,"7,033.37","7,089.10","7,032.78",150.46M,0.16%
15-02-2019,7055.18,"7,066.38","7,073.99","7,022.30",202.53M,0.47%
14-02-2019,7022.42,"6,986.51","7,047.88","6,969.69",168.00M,0.09%
13-02-2019,7015.88,"7,038.32","7,062.58","7,009.73",168.57M,0.02%
12-02-2019,7014.67,"6,960.55","7,021.76","6,948.33",188.91M,1.53%
11-02-2019,6909.19,"6,941.26","6,958.33","6,893.80",166.33M,-0.06%
08-02-2019,6913.13,"6,843.33","6,914.56","6,836.70",168.04M,0.12%
07-02-2019,6904.98,"6,934.33","6,954.77","6,854.35",204.46M,-1.32%
06-02-2019,6997.62,"7,023.89","7,034.94","6,969.83",193.60M,-0.37%
05-02-2019,7023.52,"6,969.37","7,029.77","6,967.94",206.73M,0.91%
04-02-2019,6959.96,"6,876.56","6,960.97","6,872.60",177.35M,1.23%
01-02-2019,6875.52,"6,872.73","6,921.95","6,857.31",220.67M,-0.45%
31-01-2019,6906.84,"6,840.93","6,936.34","6,837.92",327.55M,1.45%
30-01-2019,6807.91,"6,708.56","6,826.92","6,688.33",246.70M,2.64%
29-01-2019,6632.79,"6,695.71","6,701.47","6,613.42",183.31M,-0.96%
28-01-2019,6697.09,"6,691.84","6,697.53","6,644.31",216.55M,-1.33%
25-01-2019,6787.37,"6,755.67","6,800.97","6,733.32",246.85M,1.27%
24-01-2019,6702.55,"6,680.34","6,710.73","6,656.52",230.49M,0.66%
23-01-2019,6658.76,"6,689.08","6,712.86","6,584.50",197.17M,0.18%
22-01-2019,6646.81,"6,736.65","6,738.57","6,603.56",246.40M,-2.03%
18-01-2019,6784.61,"6,771.52","6,816.23","6,727.94",253.24M,0.98%
17-01-2019,6718.45,"6,646.19","6,747.28","6,637.10",171.13M,0.75%
16-01-2019,6668.56,"6,677.38","6,720.40","6,665.05",175.73M,-0.02%
15-01-2019,6669.64,"6,571.15","6,674.53","6,567.32",173.90M,1.97%
14-01-2019,6541.04,"6,536.37","6,566.87","6,512.64",177.78M,-0.91%
11-01-2019,6601.4,"6,579.89","6,604.56","6,562.04",173.53M,-0.30%
10-01-2019,6620.94,"6,551.05","6,625.11","6,517.55",192.69M,0.31%
09-01-2019,6600.69,"6,576.54","6,631.06","6,549.44",223.36M,0.75%
08-01-2019,6551.85,"6,555.91","6,574.73","6,457.00",219.26M,0.98%
07-01-2019,6488.25,"6,434.55","6,521.44","6,412.98",224.76M,1.02%
04-01-2019,6422.67,"6,250.05","6,445.19","6,234.59",272.84M,4.48%
03-01-2019,6147.13,"6,274.76","6,292.68","6,139.40",286.07M,-3.36%
02-01-2019,6360.87,"6,198.68","6,394.73","6,198.68",202.73M,0.49%
31-12-2018,6329.97,"6,354.85","6,365.39","6,273.94",192.95M,0.71%
28-12-2018,6285.27,"6,326.62","6,388.36","6,233.69",191.43M,-0.05%
27-12-2018,6288.3,"6,168.60","6,291.99","6,043.44",244.42M,0.41%
26-12-2018,6262.77,"5,969.07","6,263.82","5,921.86",271.11M,6.16%
24-12-2018,5899.35,"5,994.08","6,075.17","5,895.12",171.72M,-2.43%
21-12-2018,6046.56,"6,293.05","6,308.31","6,013.98",630.18M,-3.15%
20-12-2018,6243.19,"6,312.72","6,380.97","6,161.85",308.29M,-1.57%
19-12-2018,6342.97,"6,480.31","6,575.39","6,284.72",288.81M,-2.29%
18-12-2018,6491.52,"6,503.12","6,551.04","6,434.60",228.70M,0.67%
17-12-2018,6448.39,"6,570.99","6,621.63","6,399.55",240.32M,-2.22%
14-12-2018,6594.96,"6,679.91","6,710.41","6,585.31",205.50M,-2.56%
13-12-2018,6767.97,"6,805.70","6,833.78","6,724.04",169.28M,0.06%
12-12-2018,6763.96,"6,800.55","6,867.66","6,761.78",192.14M,0.89%
11-12-2018,6704.24,"6,782.41","6,788.47","6,650.83",180.72M,0.32%
10-12-2018,6682.74,"6,603.36","6,710.39","6,534.33",200.80M,1.05%
07-12-2018,6613.27,"6,806.63","6,849.38","6,594.54",222.93M,-3.30%
06-12-2018,6838.85,"6,652.13","6,840.49","6,630.82",258.85M,0.64%
04-12-2018,6795.21,"7,026.81","7,045.68","6,785.85",258.46M,-3.78%
03-12-2018,7062.13,"7,106.84","7,106.99","7,013.20",233.91M,1.63%
30-11-2018,6949.01,"6,902.24","6,951.13","6,872.29",339.76M,0.82%
29-11-2018,6892.4,"6,890.84","6,938.02","6,839.45",166.57M,-0.30%
28-11-2018,6913.33,"6,756.13","6,914.79","6,713.29",219.98M,3.17%
27-11-2018,6701.04,"6,639.39","6,715.40","6,609.08",173.62M,0.34%
26-11-2018,6678.34,"6,616.79","6,679.91","6,590.89",179.09M,2.31%
23-11-2018,6527.35,"6,525.02","6,591.56","6,524.55",96.20M,-0.73%
21-11-2018,6575.66,"6,608.12","6,639.37","6,566.31",179.41M,0.75%
20-11-2018,6526.96,"6,475.68","6,614.01","6,442.36",273.24M,-1.75%
19-11-2018,6642.92,"6,832.25","6,841.44","6,623.37",241.71M,-3.26%
16-11-2018,6867.02,"6,823.03","6,898.13","6,797.43",269.51M,-0.34%
15-11-2018,6890.45,"6,750.63","6,908.82","6,702.42",227.81M,1.78%
14-11-2018,6769.87,"6,896.19","6,916.10","6,736.18",205.78M,-0.89%
13-11-2018,6830.91,"6,858.59","6,951.44","6,811.68",196.22M,0.03%
12-11-2018,6829.1,"6,990.37","6,998.80","6,819.38",196.51M,-2.98%
09-11-2018,7039.15,"7,095.45","7,104.39","6,982.89",201.79M,-1.67%
08-11-2018,7158.59,"7,176.19","7,192.32","7,125.14",180.86M,-0.62%
07-11-2018,7203.13,"7,068.50","7,205.96","7,057.71",190.61M,3.07%
06-11-2018,6988.85,"6,939.13","7,024.78","6,928.00",161.77M,0.75%
05-11-2018,6937.09,"6,946.15","6,952.93","6,859.80",178.39M,-0.40%
02-11-2018,6965.29,"7,042.30","7,085.27","6,909.07",254.01M,-1.47%
01-11-2018,7069.17,"6,980.79","7,071.84","6,932.21",226.56M,1.47%
31-10-2018,6967.1,"6,933.11","7,030.51","6,924.09",268.15M,2.31%
30-10-2018,6810.12,"6,673.84","6,816.27","6,652.53",267.33M,1.43%
29-10-2018,6713.9,"6,954.69","6,973.19","6,574.74",255.79M,-2.02%
26-10-2018,6852.4,"6,804.69","6,976.94","6,743.77",290.88M,-2.34%
25-10-2018,7016.39,"6,891.27","7,063.93","6,866.75",243.29M,3.35%
24-10-2018,6789.15,"7,101.85","7,117.34","6,777.47",267.79M,-4.63%
23-10-2018,7118.67,"7,002.69","7,149.13","6,933.56",218.17M,-0.32%
22-10-2018,7141.21,"7,146.03","7,193.72","7,088.90",169.56M,0.48%
19-10-2018,7107.23,"7,169.45","7,227.96","7,080.74",214.45M,-0.12%
18-10-2018,7116.09,"7,250.93","7,251.54","7,081.89",193.62M,-2.23%
17-10-2018,7278.63,"7,310.00","7,311.85","7,205.76",166.98M,0.03%
16-10-2018,7276.43,"7,141.67","7,291.26","7,133.29",176.56M,2.94%
15-10-2018,7068.67,"7,129.31","7,144.16","7,047.47",167.30M,-1.24%
12-10-2018,7157.21,"7,150.21","7,179.03","7,019.89",236.56M,2.77%
11-10-2018,6964.03,"7,013.48","7,120.10","6,892.89",298.37M,-1.14%
10-10-2018,7044.5,"7,319.81","7,329.24","7,042.06",273.42M,-4.44%
09-10-2018,7371.61,"7,352.44","7,430.36","7,339.86",167.88M,0.26%
08-10-2018,7352.82,"7,356.54","7,415.54","7,267.02",172.27M,-0.62%
05-10-2018,7399.01,"7,482.04","7,510.45","7,327.44",183.08M,-1.21%
04-10-2018,7490,"7,603.01","7,608.24","7,436.26",180.33M,-1.93%
03-10-2018,7637.43,"7,663.09","7,676.90","7,625.60",149.01M,0.12%
02-10-2018,7628.28,"7,632.37","7,685.36","7,610.24",158.24M,-0.22%
01-10-2018,7645.45,"7,673.00","7,700.56","7,627.47",151.99M,0.23%
28-09-2018,7627.65,"7,612.65","7,649.30","7,598.69",175.66M,-0.03%
27-09-2018,7629.57,"7,600.35","7,657.80","7,596.96",143.89M,0.88%
26-09-2018,7563.09,"7,563.96","7,637.62","7,553.26",166.80M,0.00%
25-09-2018,7563.19,"7,552.02","7,568.17","7,525.19",155.83M,0.19%
24-09-2018,7548.75,"7,477.45","7,554.95","7,447.23",186.58M,0.23%
21-09-2018,7531.07,"7,587.39","7,603.86","7,522.12",544.50M,-0.50%
20-09-2018,7569.03,"7,534.02","7,582.43","7,523.87",162.96M,1.05%
19-09-2018,7490.32,"7,498.24","7,513.34","7,441.56",134.09M,-0.05%
18-09-2018,7494.4,"7,440.86","7,531.20","7,436.53",150.61M,0.80%
17-09-2018,7434.73,"7,522.59","7,533.92","7,427.79",149.27M,-1.47%
14-09-2018,7545.5,"7,575.38","7,581.30","7,515.04",140.52M,-0.21%
13-09-2018,7561.69,"7,535.23","7,578.76","7,531.66",160.62M,0.98%
12-09-2018,7488.06,"7,493.38","7,501.24","7,422.91",176.59M,-0.26%
11-09-2018,7507.87,"7,415.09","7,519.45","7,401.72",157.89M,0.81%
10-09-2018,7447.68,"7,466.76","7,473.75","7,410.74",155.28M,0.23%
07-09-2018,7430.26,"7,402.19","7,489.40","7,400.99",178.47M,-0.31%
06-09-2018,7453.17,"7,527.22","7,532.30","7,405.32",182.85M,-0.93%
05-09-2018,7523.26,"7,600.95","7,607.18","7,498.38",197.38M,-1.30%
04-09-2018,7622.32,"7,629.34","7,643.45","7,581.35",165.09M,-0.42%
31-08-2018,7654.55,"7,634.44","7,676.46","7,628.54",170.08M,0.16%
30-08-2018,7642.67,"7,645.11","7,691.10","7,619.73",138.40M,-0.23%
29-08-2018,7660.18,"7,585.13","7,661.95","7,583.52",127.26M,1.19%
28-08-2018,7570.25,"7,580.85","7,588.72","7,556.71",130.92M,0.15%
27-08-2018,7559.13,"7,527.37","7,560.76","7,512.02",130.11M,0.98%
24-08-2018,7485.4,"7,443.71","7,489.54","7,442.99",126.50M,0.97%
23-08-2018,7413.84,"7,420.31","7,465.87","7,405.40",131.43M,-0.14%
22-08-2018,7424.6,"7,379.84","7,434.48","7,374.69",114.59M,0.37%
21-08-2018,7397.23,"7,393.46","7,441.42","7,388.38",142.34M,0.35%
20-08-2018,7371.42,"7,393.57","7,395.75","7,343.47",141.46M,-0.08%
17-08-2018,7377.54,"7,352.63","7,394.94","7,312.65",177.01M,0.04%
16-08-2018,7374.3,"7,409.61","7,422.83","7,361.88",168.14M,0.27%
15-08-2018,7354.66,"7,385.67","7,409.48","7,308.52",190.30M,-1.24%
14-08-2018,7447.17,"7,430.45","7,455.42","7,390.00",134.44M,0.62%
13-08-2018,7401.17,"7,420.18","7,468.82","7,398.53",129.62M,-0.10%
10-08-2018,7408.3,"7,409.05","7,436.69","7,382.83",139.31M,-0.79%
09-08-2018,7466.96,"7,467.51","7,498.37","7,458.56",133.85M,-0.03%
08-08-2018,7469.55,"7,454.42","7,486.21","7,435.77",124.92M,0.09%
07-08-2018,7462.65,"7,459.32","7,478.96","7,443.88",146.62M,0.32%
06-08-2018,7438.99,"7,390.81","7,439.55","7,381.58",142.43M,0.59%
03-08-2018,7395.49,"7,389.36","7,395.49","7,356.33",147.40M,0.32%
02-08-2018,7372.15,"7,221.35","7,380.56","7,221.35",169.47M,1.36%
01-08-2018,7272.89,"7,269.20","7,294.80","7,234.64",178.96M,0.57%
31-07-2018,7231.98,"7,219.67","7,272.96","7,179.41",191.39M,0.54%
30-07-2018,7193.1,"7,292.72","7,299.07","7,158.78",173.64M,-1.42%
27-07-2018,7296.78,"7,443.24","7,443.24","7,255.32",190.70M,-1.40%
26-07-2018,7400.75,"7,404.56","7,430.11","7,385.72",217.54M,-1.44%
25-07-2018,7508.59,"7,406.10","7,511.39","7,405.64",171.18M,1.38%
24-07-2018,7406.25,"7,455.51","7,475.99","7,375.74",154.42M,0.47%
23-07-2018,7371.78,"7,335.42","7,376.82","7,301.34",134.46M,0.29%
20-07-2018,7350.23,"7,379.13","7,398.59","7,343.37",179.35M,-0.03%
19-07-2018,7352.36,"7,364.66","7,388.99","7,344.33",159.59M,-0.51%
18-07-2018,7390.13,"7,407.25","7,411.24","7,368.36",145.78M,-0.19%
17-07-2018,7403.89,"7,291.48","7,418.43","7,288.30",143.57M,0.63%
16-07-2018,7357.9,"7,381.03","7,390.64","7,346.34",136.18M,-0.24%
13-07-2018,7375.82,"7,372.28","7,387.74","7,348.96",139.23M,0.13%
12-07-2018,7366.25,"7,276.38","7,368.72","7,274.16",168.21M,1.69%
11-07-2018,7243.98,"7,221.66","7,271.12","7,220.23",151.84M,-0.53%
10-07-2018,7282.6,"7,287.05","7,297.79","7,257.49",123.21M,0.09%
09-07-2018,7276,"7,251.18","7,277.57","7,221.32",137.75M,0.95%
06-07-2018,7207.33,"7,114.17","7,217.00","7,106.10",143.87M,1.50%
05-07-2018,7101.05,"7,064.00","7,105.54","7,025.24",153.26M,1.23%
03-07-2018,7014.55,"7,121.71","7,122.45","7,009.51",109.02M,-1.17%
02-07-2018,7097.82,"6,979.54","7,099.27","6,969.16",148.86M,0.81%
29-06-2018,7040.8,"7,071.49","7,101.82","7,031.40",193.84M,0.13%
28-06-2018,7031.6,"6,963.37","7,055.25","6,950.23",178.96M,0.89%
27-06-2018,6969.67,"7,096.60","7,128.77","6,968.30",182.46M,-1.39%
26-06-2018,7068.19,"7,061.23","7,108.45","7,040.06",171.74M,0.43%
25-06-2018,7038.17,"7,131.05","7,144.28","6,976.96",217.24M,-2.21%
22-06-2018,7197.51,"7,239.72","7,239.75","7,177.46",264.94M,-0.28%
21-06-2018,7217.49,"7,304.05","7,308.26","7,203.93",174.65M,-0.87%
20-06-2018,7280.7,"7,264.85","7,309.99","7,256.87",182.49M,0.73%
19-06-2018,7228.04,"7,158.80","7,229.98","7,138.02",182.91M,-0.32%
18-06-2018,7251.41,"7,201.18","7,256.43","7,186.16",164.21M,-0.06%
15-06-2018,7255.76,"7,245.16","7,268.84","7,220.97",429.89M,-0.33%
14-06-2018,7279.59,"7,233.70","7,291.31","7,233.70",174.44M,1.03%
13-06-2018,7205.26,"7,219.58","7,261.17","7,193.02",186.65M,-0.05%
12-06-2018,7209.18,"7,181.67","7,214.49","7,173.76",149.87M,0.57%
11-06-2018,7168.48,"7,149.65","7,187.45","7,146.09",139.97M,0.22%
08-06-2018,7152.62,"7,121.76","7,161.92","7,100.73",150.44M,0.00%
07-06-2018,7152.83,"7,212.43","7,212.43","7,115.85",164.79M,-0.79%
06-06-2018,7210.08,"7,180.24","7,212.45","7,140.91",161.09M,0.60%
05-06-2018,7166.75,"7,162.41","7,179.82","7,137.13",153.10M,0.32%
04-06-2018,7143.57,"7,099.50","7,146.77","7,099.09",146.84M,0.84%
01-06-2018,7083.93,"7,010.08","7,084.84","7,008.02",157.86M,1.67%
31-05-2018,6967.73,"6,969.93","7,016.42","6,955.99",278.87M,-0.12%
30-05-2018,6976.37,"6,955.59","6,987.63","6,938.02",148.49M,0.72%
29-05-2018,6926.54,"6,928.49","6,964.65","6,887.12",165.70M,-0.49%
25-05-2018,6960.92,"6,951.47","6,982.52","6,941.85",124.10M,0.16%
24-05-2018,6949.7,"6,951.52","6,963.68","6,882.57",139.44M,-0.06%
23-05-2018,6953.63,"6,847.27","6,954.70","6,846.94",152.02M,0.87%
22-05-2018,6893.62,"6,934.70","6,947.43","6,883.74",144.22M,-0.17%
21-05-2018,6905.53,"6,920.32","6,948.27","6,876.35",147.23M,0.57%
18-05-2018,6866.25,"6,876.65","6,897.91","6,857.58",164.89M,-0.51%
17-05-2018,6901.63,"6,905.75","6,952.98","6,869.39",139.33M,-0.41%
16-05-2018,6929.97,"6,892.89","6,944.54","6,891.65",143.62M,0.60%
15-05-2018,6888.54,"6,909.32","6,912.04","6,852.73",171.47M,-1.09%
14-05-2018,6964.37,"6,977.35","7,008.26","6,954.64",152.21M,0.17%
11-05-2018,6952.56,"6,948.87","6,969.30","6,923.61",164.10M,-0.16%
10-05-2018,6963.55,"6,909.18","6,966.93","6,906.77",148.39M,1.02%
09-05-2018,6893.21,"6,830.55","6,895.93","6,807.40",162.61M,1.14%
08-05-2018,6815.48,"6,813.91","6,830.87","6,770.30",170.72M,-0.09%
07-05-2018,6821.87,"6,803.45","6,846.46","6,796.05",160.56M,0.78%
04-05-2018,6769.12,"6,618.70","6,783.36","6,612.39",172.87M,1.89%
03-05-2018,6643.48,"6,608.70","6,667.29","6,539.86",190.16M,-0.02%
02-05-2018,6644.48,"6,694.52","6,715.96","6,637.96",185.67M,-0.56%
01-05-2018,6681.96,"6,592.93","6,685.41","6,578.26",154.32M,1.16%
30-04-2018,6605.57,"6,669.44","6,712.50","6,593.60",193.47M,-0.76%
27-04-2018,6656.35,"6,748.59","6,750.78","6,619.26",185.61M,0.10%
26-04-2018,6649.65,"6,606.61","6,673.65","6,579.12",200.59M,2.08%
25-04-2018,6513.94,"6,514.32","6,540.76","6,426.57",173.26M,0.08%
24-04-2018,6509.05,"6,680.88","6,688.89","6,464.74",199.97M,-2.10%
23-04-2018,6648.8,"6,699.16","6,721.65","6,613.55",152.36M,-0.28%
20-04-2018,6667.75,"6,754.68","6,757.68","6,642.83",203.20M,-1.58%
19-04-2018,6774.89,"6,793.07","6,815.04","6,749.07",159.27M,-0.85%
18-04-2018,6833.21,"6,824.58","6,856.96","6,788.32",140.49M,0.25%
17-04-2018,6816.37,"6,738.65","6,834.31","6,729.79",150.89M,2.12%
16-04-2018,6675.18,"6,675.92","6,699.76","6,633.08",132.24M,0.71%
13-04-2018,6628.34,"6,696.02","6,703.31","6,598.34",137.03M,-0.42%
12-04-2018,6656.26,"6,627.32","6,682.69","6,618.81",149.12M,1.11%
11-04-2018,6583.44,"6,578.84","6,650.29","6,574.88",141.66M,-0.49%
10-04-2018,6615.87,"6,585.52","6,639.97","6,534.89",186.05M,2.22%
09-04-2018,6472.34,"6,488.48","6,604.26","6,466.04",173.88M,0.61%
06-04-2018,6433.21,"6,514.48","6,587.36","6,402.03",212.08M,-2.45%
05-04-2018,6594.84,"6,619.22","6,632.21","6,550.28",173.51M,0.53%
04-04-2018,6560.06,"6,326.54","6,578.56","6,326.54",201.26M,1.57%
03-04-2018,6458.83,"6,448.05","6,485.27","6,343.90",194.78M,1.06%
02-04-2018,6390.84,"6,528.23","6,560.95","6,322.60",238.54M,-2.89%
29-03-2018,6581.13,"6,493.51","6,640.76","6,435.67",261.08M,1.86%
28-03-2018,6460.81,"6,488.02","6,559.88","6,410.04",235.65M,-1.06%
27-03-2018,6529.84,"6,791.39","6,793.50","6,479.56",230.34M,-3.32%
26-03-2018,6753.83,"6,644.40","6,760.65","6,538.79",231.05M,3.78%
23-03-2018,6508.09,"6,683.19","6,708.58","6,507.84",235.62M,-2.61%
22-03-2018,6682.26,"6,763.94","6,809.94","6,679.35",209.24M,-2.50%
21-03-2018,6853.45,"6,863.29","6,930.70","6,828.88",181.69M,-0.47%
20-03-2018,6885.92,"6,871.09","6,902.23","6,845.85",175.19M,0.31%
19-03-2018,6864.88,"6,945.97","6,949.02","6,806.16",214.56M,-2.21%
16-03-2018,7019.95,"7,058.12","7,061.67","7,011.69",381.00M,-0.16%
15-03-2018,7030.97,"7,050.66","7,075.55","7,010.01",146.85M,-0.14%
14-03-2018,7040.98,"7,077.85","7,084.07","7,012.57",178.32M,-0.08%
13-03-2018,7046.51,"7,172.25","7,186.09","7,025.82",196.08M,-1.19%
12-03-2018,7131.12,"7,122.47","7,156.25","7,108.04",175.89M,0.42%
09-03-2018,7101.18,"7,014.84","7,101.31","7,007.30",177.20M,1.93%
08-03-2018,6966.43,"6,955.85","6,971.00","6,931.35",161.59M,0.53%
07-03-2018,6929.39,"6,855.57","6,935.48","6,850.91",171.30M,0.24%
06-03-2018,6913.02,"6,919.79","6,937.03","6,872.06",170.32M,0.46%
05-03-2018,6881.28,"6,777.63","6,901.63","6,753.83",177.21M,1.03%
02-03-2018,6811.04,"6,661.91","6,820.37","6,645.03",202.00M,0.90%
01-03-2018,6750.54,"6,862.94","6,892.38","6,687.44",226.84M,-1.52%
28-02-2018,6854.42,"6,945.20","6,964.15","6,854.42",212.33M,-0.67%
27-02-2018,6900.35,"6,984.83","7,003.14","6,900.35",186.40M,-1.27%
26-02-2018,6989.1,"6,933.82","6,989.36","6,927.46",156.07M,1.34%
23-02-2018,6896.6,"6,816.43","6,897.53","6,789.02",154.36M,1.99%
22-02-2018,6761.85,"6,793.08","6,826.01","6,744.05",146.06M,0.04%
21-02-2018,6759.26,"6,808.60","6,879.47","6,759.22",167.24M,-0.30%
20-02-2018,6779.69,"6,742.15","6,838.00","6,740.48",170.31M,0.13%
16-02-2018,6770.66,"6,778.28","6,840.60","6,758.51",190.51M,-0.36%
15-02-2018,6794.92,"6,734.34","6,795.92","6,665.92",187.21M,1.80%
14-02-2018,6675.03,"6,523.26","6,684.15","6,520.39",197.23M,1.85%
13-02-2018,6553.86,"6,482.77","6,567.62","6,478.41",153.73M,0.46%
12-02-2018,6523.85,"6,477.04","6,565.28","6,424.30",228.35M,1.73%
09-02-2018,6412.68,"6,395.16","6,453.43","6,164.43",318.49M,1.69%
08-02-2018,6306.1,"6,595.81","6,606.05","6,304.18",277.35M,-4.19%
07-02-2018,6582.02,"6,632.98","6,716.25","6,581.38",226.58M,-1.26%
06-02-2018,6665.98,"6,378.60","6,673.41","6,370.48",320.31M,2.62%
05-02-2018,6495.92,"6,687.47","6,807.96","6,495.39",300.13M,-3.91%
02-02-2018,6760.29,"6,866.38","6,889.07","6,756.54",228.27M,-2.05%
01-02-2018,6901.5,"6,910.57","6,970.77","6,879.02",210.60M,-0.70%
31-01-2018,6949.99,"6,972.81","6,983.61","6,915.48",223.75M,0.28%
30-01-2018,6930.73,"6,910.39","6,958.79","6,894.63",179.24M,-0.82%
29-01-2018,6988.31,"7,000.68","7,020.64","6,974.70",178.73M,-0.49%
26-01-2018,7022.97,"6,956.66","7,022.97","6,941.48",199.02M,1.54%
25-01-2018,6916.3,"6,965.01","6,967.60","6,894.84",158.08M,-0.04%
24-01-2018,6919.35,"6,975.38","6,992.91","6,880.68",190.69M,-0.63%
23-01-2018,6963.46,"6,928.27","6,969.40","6,926.37",155.94M,0.83%
22-01-2018,6906.28,"6,829.55","6,906.28","6,822.85",169.01M,1.05%
19-01-2018,6834.33,"6,829.04","6,843.24","6,801.59",193.11M,0.34%
18-01-2018,6811.38,"6,804.59","6,826.79","6,784.72",152.95M,0.02%
17-01-2018,6810.28,"6,767.85","6,820.04","6,738.45",178.23M,1.09%
16-01-2018,6737.14,"6,807.85","6,835.79","6,719.11",196.08M,-0.32%
12-01-2018,6758.54,"6,699.32","6,763.98","6,695.52",160.68M,0.75%
11-01-2018,6708.49,"6,675.69","6,708.49","6,664.74",136.26M,0.69%
10-01-2018,6662.66,"6,640.66","6,663.51","6,619.35",153.38M,-0.23%
09-01-2018,6677.94,"6,692.87","6,696.12","6,658.27",146.93M,0.02%
08-01-2018,6676.63,"6,651.68","6,680.32","6,649.20",150.38M,0.35%
05-01-2018,6653.29,"6,613.12","6,654.98","6,605.03",152.65M,1.04%
04-01-2018,6584.58,"6,595.75","6,603.17","6,576.92",153.92M,0.13%
03-01-2018,6575.8,"6,520.03","6,579.25","6,519.26",170.11M,0.99%
02-01-2018,6511.34,"6,431.59","6,513.02","6,417.75",149.67M,1.80%
29-12-2017,6396.42,"6,439.90","6,442.53","6,396.42",131.70M,-0.70%
28-12-2017,6441.42,"6,449.52","6,452.07","6,432.68",77.62M,0.10%
27-12-2017,6435.15,"6,437.06","6,448.94","6,425.92",90.87M,0.03%
26-12-2017,6433.16,"6,427.32","6,438.24","6,407.99",93.22M,-0.50%
22-12-2017,6465.17,"6,462.55","6,467.83","6,449.00",114.35M,-0.12%
21-12-2017,6472.69,"6,481.08","6,501.52","6,467.78",143.80M,0.00%
20-12-2017,6472.48,"6,504.55","6,504.55","6,447.93",150.89M,-0.13%
19-12-2017,6480.67,"6,505.35","6,510.87","6,462.79",163.38M,-0.50%
18-12-2017,6513.27,"6,504.89","6,522.70","6,495.18",180.70M,0.73%
15-12-2017,6466.32,"6,405.15","6,470.92","6,405.03",453.90M,1.20%
14-12-2017,6389.91,"6,407.26","6,423.68","6,386.25",159.48M,-0.07%
13-12-2017,6394.67,"6,405.41","6,416.83","6,388.41",160.53M,0.17%
12-12-2017,6383.65,"6,389.47","6,403.50","6,371.69",146.18M,-0.16%
11-12-2017,6393.89,"6,351.24","6,394.43","6,347.91",147.88M,0.78%
08-12-2017,6344.57,"6,364.60","6,377.55","6,335.23",143.54M,0.45%
07-12-2017,6316.28,"6,300.64","6,333.29","6,290.65",160.70M,0.37%
06-12-2017,6293.05,"6,243.72","6,304.10","6,234.22",159.63M,0.45%
05-12-2017,6265.11,"6,242.47","6,337.06","6,235.77",188.40M,0.02%
04-12-2017,6263.7,"6,380.68","6,380.77","6,256.81",231.06M,-1.17%
01-12-2017,6337.87,"6,325.61","6,365.30","6,244.84",200.42M,-0.43%
30-11-2017,6365.56,"6,337.34","6,374.19","6,321.43",273.43M,0.86%
29-11-2017,6311.38,"6,412.69","6,412.69","6,279.36",229.23M,-1.73%
28-11-2017,6422.56,"6,419.48","6,426.04","6,385.32",142.71M,0.26%
27-11-2017,6405.97,"6,409.52","6,420.21","6,392.01",142.21M,-0.05%
24-11-2017,6409.29,"6,393.33","6,410.77","6,389.40",66.10M,0.36%
22-11-2017,6386.12,"6,384.13","6,391.16","6,371.74",118.18M,0.12%
21-11-2017,6378.63,"6,336.91","6,380.07","6,336.26",141.12M,1.11%
20-11-2017,6308.61,"6,319.57","6,324.59","6,301.88",138.53M,-0.09%
17-11-2017,6314.51,"6,343.64","6,345.56","6,308.48",178.70M,-0.39%
16-11-2017,6339.14,"6,293.46","6,352.47","6,293.46",161.76M,1.29%
15-11-2017,6258.36,"6,261.27","6,276.80","6,227.99",140.41M,-0.56%
14-11-2017,6293.64,"6,293.32","6,300.46","6,263.77",140.57M,-0.36%
13-11-2017,6316.18,"6,286.01","6,325.18","6,285.97",132.51M,0.11%
10-11-2017,6309.07,"6,297.15","6,313.17","6,284.22",144.76M,-0.05%
09-11-2017,6312.21,"6,295.29","6,315.16","6,248.29",158.49M,-0.53%
08-11-2017,6345.81,"6,319.03","6,346.98","6,308.62",141.71M,0.40%
07-11-2017,6320.78,"6,314.69","6,328.58","6,299.53",154.91M,0.11%
06-11-2017,6313.61,"6,292.15","6,318.58","6,291.84",177.24M,0.29%
