Date,Open,High,Low,Close,Adj Close,Volume
02-01-2019,10868.85,10895.35,10735.05,10792.5,10792.5,309700
03-01-2019,10796.8,10814.05,10661.25,10672.25,10672.25,286200
04-01-2019,10699.7,10741.05,10628.65,10727.35,10727.35,296600
07-01-2019,10804.85,10835.95,10750.15,10771.8,10771.8,269400
08-01-2019,10786.25,10818.45,10733.25,10802.15,10802.15,277700
09-01-2019,10862.4,10870.4,10749.4,10855.15,10855.15,333000
10-01-2019,10859.35,10859.35,10801.8,10821.6,10821.6,254400
11-01-2019,10834.75,10850.15,10739.4,10794.95,10794.95,260800
14-01-2019,10807,10808,10692.35,10737.6,10737.6,298800
15-01-2019,10777.55,10896.95,10777.55,10886.8,10886.8,310700
16-01-2019,10899.65,10928.15,10876.9,10890.3,10890.3,276500
17-01-2019,10920.85,10930.65,10844.65,10905.2,10905.2,271700
18-01-2019,10914.85,10928.2,10852.2,10906.95,10906.95,323800
21-01-2019,10919.35,10987.45,10885.75,10961.85,10961.85,288800
22-01-2019,10949.8,10949.8,10864.15,10922.75,10922.75,300800
23-01-2019,10931.05,10944.8,10811.95,10831.5,10831.5,298900
24-01-2019,10844.05,10866.6,10798.65,10849.8,10849.8,361100
25-01-2019,10859.75,10931.7,10756.45,10780.55,10780.55,463400
28-01-2019,10792.45,10804.45,10630.95,10661.55,10661.55,419700
29-01-2019,10653.7,10690.35,10583.65,10652.2,10652.2,356900
30-01-2019,10702.25,10710.2,10612.85,10651.8,10651.8,410100
31-01-2019,10690.55,10838.05,10678.55,10830.95,10830.95,604800
01-02-2019,10851.35,10983.45,10813.45,10893.65,10893.65,482300
04-02-2019,10876.75,10927.9,10814.15,10912.25,10912.25,318300
05-02-2019,10908.65,10956.7,10886.7,10934.35,10934.35,268100
06-02-2019,10965.1,11072.6,10962.7,11062.45,11062.45,298500
07-02-2019,11070.45,11118.1,11043.6,11069.4,11069.4,263500
08-02-2019,11023.5,11041.2,10925.45,10943.6,10943.6,352800
11-02-2019,10930.9,10930.9,10857.1,10888.8,10888.8,286000
12-02-2019,10879.7,10910.9,10823.8,10831.4,10831.4,292300
14-02-2019,10786.1,10792.7,10718.75,10746.05,10746.05,627000
15-02-2019,10780.25,10785.75,10620.4,10724.4,10724.4,521900
18-02-2019,10738.65,10759.9,10628.4,10640.95,10640.95,345400
19-02-2019,10636.7,10722.85,10585.65,10604.35,10604.35,291500
20-02-2019,10655.45,10752.7,10646.4,10735.45,10735.45,289200
21-02-2019,10744.1,10808.85,10721.5,10789.85,10789.85,279600
22-02-2019,10782.7,10801.55,10758.4,10791.65,10791.65,396800
25-02-2019,10813.25,10887.1,10788.05,10880.1,10880.1,385900
26-02-2019,10775.3,10888.75,10729.3,10835.3,10835.3,415000
27-02-2019,10881.2,10939.7,10751.2,10806.65,10806.65,381100
28-02-2019,10865.7,10865.7,10784.85,10792.5,10792.5,644200
01-03-2019,10842.65,10877.9,10823.1,10863.5,10863.5,308500
05-03-2019,10864.85,10994.9,10817,10987.45,10987.45,373200
06-03-2019,11024.85,11062.3,10998.85,11053,11053,372600
07-03-2019,11077.95,11089.05,11027.1,11058.2,11058.2,321200
08-03-2019,11038.85,11049,11008.95,11035.4,11035.4,326600
11-03-2019,11068.75,11180.9,11059.85,11168.05,11168.05,352200
12-03-2019,11231.35,11320.4,11227,11301.2,11301.2,391300
13-03-2019,11326.2,11352.3,11276.6,11341.7,11341.7,383000
14-03-2019,11382.5,11383.45,11313.75,11343.25,11343.25,294500
15-03-2019,11376.85,11487,11370.8,11426.85,11426.85,463700
18-03-2019,11473.85,11530.15,11412.5,11462.2,11462.2,320300
19-03-2019,11500.3,11543.85,11451.25,11532.4,11532.4,326100
20-03-2019,11553.35,11556.1,11503.1,11521.05,11521.05,366300
22-03-2019,11549.2,11572.8,11434.55,11456.9,11456.9,386200
25-03-2019,11395.65,11395.65,11311.6,11354.25,11354.25,294500
26-03-2019,11375.2,11496.75,11352.45,11483.25,11483.25,282600
27-03-2019,11531.45,11546.2,11413,11445.05,11445.05,350400
28-03-2019,11463.65,11588.5,11452.45,11570,11570,527700
01-04-2019,11665.2,11738.1,11644.75,11669.15,11669.15,379600
02-04-2019,11711.55,11729.35,11655.85,11713.2,11713.2,386100
03-04-2019,11735.3,11761,11629.15,11643.95,11643.95,365800
04-04-2019,11660.2,11662.55,11559.2,11598,11598,349000
05-04-2019,11638.4,11689.65,11609.5,11665.95,11665.95,266700
08-04-2019,11704.35,11710.3,11549.1,11604.5,11604.5,260900
09-04-2019,11612.05,11683.9,11569.7,11671.95,11671.95,300500
10-04-2019,11646.85,11680.05,11571.75,11584.3,11584.3,359900
11-04-2019,11592.55,11606.7,11550.55,11596.7,11596.7,279800
12-04-2019,11612.85,11657.35,11578.8,11643.45,11643.45,246000
15-04-2019,11667,11704.6,11648.25,11690.35,11690.35,290000
16-04-2019,11736.2,11810.95,11731.55,11787.15,11787.15,354300
18-04-2019,11856.15,11856.15,11738.5,11752.8,11752.8,339700
22-04-2019,11727.05,11727.05,11583.95,11594.45,11594.45,260400
23-04-2019,11612.95,11645.95,11564.8,11575.95,11575.95,272500
24-04-2019,11601.5,11740.85,11578.85,11726.15,11726.15,335200
25-04-2019,11735.7,11796.75,11624.3,11641.8,11641.8,604400
26-04-2019,11683.75,11762.9,11661.75,11754.65,11754.65,333500
30-04-2019,11748.75,11756.25,11655.9,11748.15,11748.15,532600
02-05-2019,11725.55,11789.3,11699.55,11724.75,11724.75,380300
03-05-2019,11722.6,11770.9,11699.35,11712.25,11712.25,305500
06-05-2019,11605.8,11632.55,11571.35,11598.25,11598.25,299000
07-05-2019,11651.5,11657.05,11484.45,11497.9,11497.9,337500
08-05-2019,11478.7,11479.1,11346.95,11359.45,11359.45,372800
09-05-2019,11322.4,11357.6,11255.05,11301.8,11301.8,373000
10-05-2019,11314.15,11345.8,11251.05,11278.9,11278.9,387300
13-05-2019,11258.7,11300.2,11125.6,11148.2,11148.2,357600
14-05-2019,11151.65,11294.75,11108.3,11222.05,11222.05,398100
15-05-2019,11271.7,11286.8,11136.95,11157,11157,414200
16-05-2019,11180.35,11281.55,11143.35,11257.1,11257.1,350700
17-05-2019,11261.9,11426.15,11259.85,11407.15,11407.15,412100
20-05-2019,11651.9,11845.2,11591.7,11828.25,11828.25,452100
21-05-2019,11863.65,11883.55,11682.8,11709.1,11709.1,381000
22-05-2019,11727.95,11784.8,11682.4,11737.9,11737.9,355900
23-05-2019,11901.3,12041.15,11614.5,11657.05,11657.05,569000
24-05-2019,11748,11859,11658.1,11844.1,11844.1,374600
27-05-2019,11855.5,11957.15,11812.4,11924.75,11924.75,348400
28-05-2019,11958.35,11958.55,11864.9,11928.75,11928.75,598300
29-05-2019,11905.8,11931.9,11836.8,11861.1,11861.1,318100
30-05-2019,11865.3,11968.55,11859.4,11945.9,11945.9,421200
31-05-2019,11999.8,12039.25,11829.45,11922.8,11922.8,438900
03-06-2019,11953.75,12103.05,11920.1,12088.55,12088.55,315300
04-06-2019,12052.65,12095.2,12005.85,12021.65,12021.65,289200
06-06-2019,12039.8,12039.8,11830.25,11843.75,11843.75,415200
07-06-2019,11865.2,11897.5,11769.5,11870.65,11870.65,302500
10-06-2019,11934.9,11975.05,11871.75,11922.7,11922.7,303300
11-06-2019,11959.85,12000.35,11904.35,11965.6,11965.6,332200
12-06-2019,11962.45,11962.45,11866.35,11906.2,11906.2,283700
13-06-2019,11873.9,11931.35,11817.05,11914.05,11914.05,447900
14-06-2019,11910.1,11911.85,11797.7,11823.3,11823.3,390300
17-06-2019,11844,11844.05,11657.75,11672.15,11672.15,295500
18-06-2019,11677.05,11727.2,11641.15,11691.5,11691.5,365500
19-06-2019,11744.45,11802.5,11625.1,11691.45,11691.45,446900
20-06-2019,11653.65,11843.5,11635.05,11831.75,11831.75,442000
21-06-2019,11827.6,11827.95,11705.1,11724.1,11724.1,468400
24-06-2019,11725.8,11754,11670.2,11699.65,11699.65,277600
25-06-2019,11681,11814.4,11651,11796.45,11796.45,300500
26-06-2019,11768.15,11871.85,11757.55,11847.55,11847.55,327900
27-06-2019,11860.85,11911.15,11821.05,11841.55,11841.55,480200
28-06-2019,11861.15,11871.7,11775.5,11788.85,11788.85,303900
01-07-2019,11839.9,11884.65,11830.8,11865.6,11865.6,278400
02-07-2019,11890.3,11917.45,11814.7,11910.3,11910.3,363200
03-07-2019,11932.15,11945.2,11887.05,11916.75,11916.75,340500
04-07-2019,11928.8,11969.25,11923.65,11946.75,11946.75,333600
05-07-2019,11964.75,11981.75,11797.9,11811.15,11811.15,530700
08-07-2019,11770.4,11771.9,11523.3,11558.6,11558.6,464000
09-07-2019,11531.6,11582.55,11461,11555.9,11555.9,442500
10-07-2019,11536.15,11593.7,11475.65,11498.9,11498.9,337600
11-07-2019,11561.45,11599,11519.5,11582.9,11582.9,317300
12-07-2019,11601.15,11639.55,11538.6,11552.5,11552.5,359400
15-07-2019,11614.75,11618.4,11532.3,11588.35,11588.35,368800
16-07-2019,11596.65,11670.05,11573.95,11662.6,11662.6,480200
17-07-2019,11670.75,11706.65,11651.15,11687.5,11687.5,464800
18-07-2019,11675.6,11677.15,11582.4,11596.9,11596.9,498300
19-07-2019,11627.95,11640.35,11399.3,11419.25,11419.25,446000
22-07-2019,11392.85,11398.15,11301.25,11346.2,11346.2,516000
23-07-2019,11372.25,11398.15,11302.8,11331.05,11331.05,458900
24-07-2019,11322.45,11359.75,11229.8,11271.3,11271.3,413200
25-07-2019,11290.4,11361.4,11239.35,11252.15,11252.15,553700
26-07-2019,11247.45,11307.6,11210.05,11284.3,11284.3,522700
29-07-2019,11307.5,11310.95,11152.4,11189.2,11189.2,482900
30-07-2019,11213.7,11267.45,11072.65,11085.4,11085.4,479100
31-07-2019,11034.05,11145.3,10999.4,11118,11118,536700
01-08-2019,11060.2,11076.75,10881,10980,10980,499900
02-08-2019,10930.3,11080.15,10848.95,10997.35,10997.35,547400
05-08-2019,10895.8,10895.8,10782.6,10862.6,10862.6,506600
06-08-2019,10815.4,11018.55,10813.8,10948.25,10948.25,517900
07-08-2019,10958.1,10975.65,10835.9,10855.5,10855.5,548500
08-08-2019,10899.2,11058.05,10842.95,11032.45,11032.45,482500
09-08-2019,11087.9,11181.45,11062.8,11109.65,11109.65,538100
13-08-2019,11139.4,11145.9,10901.6,10925.85,10925.85,624600
14-08-2019,11003.25,11078.15,10935.6,11029.4,11029.4,511500
16-08-2019,11043.65,11068.65,10924.3,11047.8,11047.8,470900
19-08-2019,11094.8,11146.9,11037.85,11053.9,11053.9,369500
20-08-2019,11063.9,11076.3,10985.3,11017,11017,444700
21-08-2019,11018.15,11034.2,10906.65,10918.7,10918.7,557900
22-08-2019,10905.3,10908.25,10718.3,10741.35,10741.35,668200
23-08-2019,10699.6,10862.55,10637.15,10829.35,10829.35,667100
26-08-2019,11000.3,11070.3,10756.55,11057.85,11057.85,684100
27-08-2019,11106.55,11141.75,11049.5,11105.35,11105.35,685600
28-08-2019,11101.3,11129.65,10987.65,11046.1,11046.1,550000
29-08-2019,10996.05,11021.1,10922.4,10948.3,10948.3,649900
30-08-2019,10987.8,11042.6,10874.8,11023.25,11023.25,628200
03-09-2019,10960.95,10967.5,10772.7,10797.9,10797.9,483000
04-09-2019,10790.4,10858.75,10746.35,10844.65,10844.65,508800
05-09-2019,10860.95,10920.1,10816,10847.9,10847.9,595700
06-09-2019,10883.8,10957.05,10867.45,10946.2,10946.2,497200
09-09-2019,10936.7,11028.85,10889.8,11003.05,11003.05,412500
11-09-2019,11028.5,11054.8,11011.65,11035.7,11035.7,687100
12-09-2019,11058.3,11081.75,10964.95,10982.8,10982.8,551400
13-09-2019,10986.8,11084.45,10945.75,11075.9,11075.9,624300
16-09-2019,10994.85,11052.7,10968.2,11003.5,11003.5,434500
17-09-2019,11000.1,11000.1,10796.5,10817.6,10817.6,482000
18-09-2019,10872.8,10885.15,10804.85,10840.65,10840.65,519200
19-09-2019,10845.2,10845.2,10670.25,10704.8,10704.8,642600
20-09-2019,10746.8,11381.9,10691,11274.2,11274.2,1356800
23-09-2019,11542.7,11694.85,11471.35,11600.2,11600.2,882800
24-09-2019,11590.7,11655.05,11539.2,11588.2,11588.2,651700
25-09-2019,11564.85,11564.95,11416.1,11440.2,11440.2,629100
26-09-2019,11469.85,11610.85,11466.35,11571.2,11571.2,844500
27-09-2019,11556.35,11593.6,11499.75,11512.4,11512.4,650000
30-09-2019,11491.15,11508.25,11390.8,11474.45,11474.45,756800
01-10-2019,11515.4,11554.2,11247.9,11359.9,11359.9,1305400
03-10-2019,11322.25,11370.4,11257.35,11314,11314,1017500
04-10-2019,11388.45,11400.3,11158.35,11174.75,11174.75,928500
07-10-2019,11196.2,11233.85,11112.65,11126.4,11126.4,733200
09-10-2019,11152.95,11321.6,11090.15,11313.3,11313.3,741100
10-10-2019,11280.5,11293.35,11208.55,11234.55,11234.55,562000
11-10-2019,11257.7,11362.9,11189.4,11305.05,11305.05,737800
14-10-2019,11335.9,11420.45,11290.05,11341.15,11341.15,587600
15-10-2019,11360.85,11462.35,11342.1,11428.3,11428.3,527400
16-10-2019,11464.95,11481.05,11411.1,11464,11464,533500
17-10-2019,11466.3,11599.1,11439.65,11586.35,11586.35,797600
18-10-2019,11580.3,11684.7,11553.15,11661.85,11661.85,853400
22-10-2019,11657.15,11714.35,11573.65,11588.35,11588.35,867600
23-10-2019,11596.2,11651.6,11554.4,11604.1,11604.1,664200
24-10-2019,11661.65,11679.6,11534.65,11582.6,11582.6,700500
25-10-2019,11646.15,11646.9,11490.75,11583.9,11583.9,812000
27-10-2019,null,null,null,null,null,null
29-10-2019,11643.95,11809.4,11627.35,11786.85,11786.85,951700
30-10-2019,11883.9,11883.95,11784.45,11844.1,11844.1,725200
31-10-2019,11890.45,11945,11855.1,11877.45,11877.45,1414800
01-11-2019,11886.6,11918.3,11843.35,11890.6,11890.6,855300
04-11-2019,11928.9,11989.15,11905.35,11941.3,11941.3,823100
05-11-2019,11974.6,11978.95,11861.9,11917.2,11917.2,632000
06-11-2019,11911.5,12002.9,11850.25,11966.05,11966.05,603400
07-11-2019,12021.1,12021.4,11946.85,12012.05,12012.05,563000
08-11-2019,11987.15,12034.15,11888.75,11908.15,11908.15,789300
11-11-2019,11879.2,11932.65,11853.95,11913.45,11913.45,549000
13-11-2019,11908.3,11946.8,11823.2,11840.45,11840.45,659000
14-11-2019,11858.75,11895.65,11802.65,11872.1,11872.1,559500
15-11-2019,11904.2,11973.65,11879.25,11895.45,11895.45,580200
18-11-2019,11915.15,11946.2,11867.6,11884.5,11884.5,514400
19-11-2019,11919.45,11958.85,11881.75,11940.1,11940.1,613900
20-11-2019,12004.75,12038.6,11966.05,11999.1,11999.1,646700
21-11-2019,12025.65,12028.2,11956.9,11968.4,11968.4,557700
22-11-2019,11967.3,11968.1,11883.5,11914.4,11914.4,486800
25-11-2019,11922.45,12084.5,11919.75,12073.75,12073.75,534300
26-11-2019,12110.2,12132.45,12006.35,12037.7,12037.7,1201300
27-11-2019,12068.5,12114.9,12055.15,12100.7,12100.7,584200
28-11-2019,12132.1,12158.8,12099.95,12151.15,12151.15,620500
29-11-2019,12146.2,12147.4,12017.4,12056.05,12056.05,804400
02-12-2019,12137.05,12137.15,12023.7,12048.2,12048.2,720900
03-12-2019,12067.65,12068.6,11956.4,11994.2,11994.2,605800
04-12-2019,11969.95,12054.7,11935.3,12043.2,12043.2,747200
05-12-2019,12071.25,12081.2,11998.75,12018.4,12018.4,562200
06-12-2019,12047.35,12057.05,11888.85,11921.5,11921.5,609200
09-12-2019,11939.1,11981.95,11888.05,11937.5,11937.5,599100
10-12-2019,11950.5,11953.2,11844.7,11856.8,11856.8,650200
11-12-2019,11867.35,11923.2,11832.3,11910.15,11910.15,997700
12-12-2019,11944.3,12005.5,11934,11971.8,11971.8,752600
13-12-2019,12026.4,12098.85,12023.6,12086.7,12086.7,597700
16-12-2019,12131.35,12134.65,12046.3,12053.95,12053.95,437700
17-12-2019,12082.45,12182.75,12070.35,12165,12165,499600
18-12-2019,12197,12237.7,12163.45,12221.65,12221.65,518900
19-12-2019,12223.4,12268.35,12191.15,12259.7,12259.7,623100
20-12-2019,12266.45,12293.9,12252.75,12271.8,12271.8,810700
23-12-2019,12235.45,12287.15,12213.25,12262.75,12262.75,604800
24-12-2019,12269.25,12283.7,12202.1,12214.55,12214.55,470300
26-12-2019,12211.85,12221.55,12118.85,12126.55,12126.55,520300
27-12-2019,12172.9,12258.45,12157.9,12245.8,12245.8,383800
30-12-2019,12274.9,12286.45,12213.8,12255.85,12255.85,411100
31-12-2019,12247.1,12247.1,12151.8,12168.45,12168.45,426900
01-01-2020,12202.15,12222.2,12165.3,12182.5,12182.5,304100
02-01-2020,12198.55,12289.9,12195.25,12282.2,12282.2,407700
03-01-2020,12261.1,12265.6,12191.35,12226.65,12226.65,428800
06-01-2020,12170.6,12179.1,11974.2,11993.05,11993.05,396500
07-01-2020,12079.1,12152.15,12005.35,12052.95,12052.95,447800
08-01-2020,11939.1,12044.95,11929.6,12025.35,12025.35,446000
09-01-2020,12153.15,12224.05,12132.55,12215.9,12215.9,477500
10-01-2020,12271,12311.2,12213.2,12256.8,12256.8,660600
13-01-2020,12296.7,12337.75,12285.8,12329.55,12329.55,501000
14-01-2020,12333.1,12374.25,12308.7,12362.3,12362.3,616300
15-01-2020,12349.4,12355.15,12278.75,12343.3,12343.3,684400
16-01-2020,12347.1,12389.05,12315.8,12355.5,12355.5,395700
17-01-2020,12328.4,12385.45,12321.4,12352.35,12352.35,502100
20-01-2020,12430.5,12430.5,12216.9,12224.55,12224.55,491600
21-01-2020,12195.3,12230.05,12162.3,12169.85,12169.85,400
22-01-2020,12218.35,12225.05,12087.9,12106.9,12106.9,500
23-01-2020,12123.75,12189,12094.1,12180.35,12180.35,867700
24-01-2020,12174.55,12272.15,12149.65,12248.25,12248.25,593200
27-01-2020,12197.1,12216.6,12107,12119,12119,441200
28-01-2020,12148.1,12163.55,12024.5,12055.8,12055.8,478500
29-01-2020,12114.9,12169.6,12103.8,12129.5,12129.5,514400
30-01-2020,12147.75,12150.3,12010.6,12035.8,12035.8,538100
31-01-2020,12100.4,12103.55,11945.85,11962.1,11962.1,771300
03-02-2020,11627.45,11749.85,11614.5,11707.9,11707.9,669800
04-02-2020,11786.25,11986.15,11783.4,11979.65,11979.65,560400
05-02-2020,12005.85,12098.15,11953.35,12089.15,12089.15,758000
06-02-2020,12120,12160.6,12084.65,12137.95,12137.95,565100
07-02-2020,12151.15,12154.7,12073.95,12098.35,12098.35,473500
10-02-2020,12102.35,12103.55,11990.75,12031.5,12031.5,524700
11-02-2020,12108.4,12172.3,12099,12107.9,12107.9,480000
12-02-2020,12151,12231.75,12144.3,12201.2,12201.2,411700
13-02-2020,12219.55,12225.65,12139.8,12174.65,12174.65,501200
14-02-2020,12190.15,12246.7,12091.2,12113.45,12113.45,622800
17-02-2020,12131.8,12159.6,12037,12045.8,12045.8,0
18-02-2020,12028.25,12030.75,11908.05,11992.5,11992.5,676900
19-02-2020,12090.6,12134.7,12042.1,12125.9,12125.9,513600
20-02-2020,12119,12152,12071.45,12080.85,12080.85,502600
24-02-2020,12012.55,12012.55,11813.4,11829.4,11829.4,490800
25-02-2020,11877.5,11883.05,11779.9,11797.9,11797.9,461000
26-02-2020,11738.55,11783.25,11639.6,11678.5,11678.5,567600
27-02-2020,11661.25,11663.85,11536.7,11633.3,11633.3,608600
28-02-2020,11382,11384.8,11175.05,11201.75,11201.75,809900
02-03-2020,11387.35,11433,11036.25,11132.75,11132.75,680800
03-03-2020,11217.55,11342.25,11152.55,11303.3,11303.3,696500
04-03-2020,11351.35,11356.6,11082.15,11251,11251,797700
05-03-2020,11306.05,11389.5,11244.6,11269,11269,1352500
06-03-2020,10942.65,11035.1,10827.4,10989.45,10989.45,1811000
09-03-2020,10742.05,10751.55,10294.45,10451.45,10451.45,1565500
11-03-2020,10334.3,10545.1,10334,10458.4,10458.4,1218500
12-03-2020,10039.95,10040.75,9508,9590.15,9590.15,1343500
13-03-2020,9107.6,10159.4,8555.15,9955.2,9955.2,1388000
16-03-2020,9587.8,9602.2,9165.1,9197.4,9197.4,897700
17-03-2020,9285.4,9403.8,8915.6,8967.05,8967.05,935600
18-03-2020,9088.45,9127.55,8407.05,8468.8,8468.8,1516600
19-03-2020,8063.3,8575.45,7832.55,8263.45,8263.45,925700
20-03-2020,8284.45,8883,8178.2,8745.45,8745.45,1071500
23-03-2020,7945.7,8159.25,7583.6,7610.25,7610.25,653500
24-03-2020,7848.3,8036.95,7511.1,7801.05,7801.05,738400
25-03-2020,7735.15,8376.75,7714.75,8317.85,8317.85,736900
26-03-2020,8451,8749.05,8304.9,8641.45,8641.45,865600
27-03-2020,8949.1,9038.9,8522.9,8660.25,8660.25,801500
30-03-2020,8385.95,8576,8244,8281.1,8281.1,593300
31-03-2020,8529.35,8678.3,8358,8597.75,8597.75,712700
01-04-2020,8584.1,8588.1,8198.35,8253.8,8253.8,506300
03-04-2020,8356.55,8356.55,8055.8,8083.8,8083.8,697000
07-04-2020,8446.3,8819.4,8360.95,8792.2,8792.2,814200
08-04-2020,8688.9,9131.7,8653.9,8748.75,8748.75,896500
09-04-2020,8973.05,9128.35,8904.55,9111.9,9111.9,742100
13-04-2020,9103.95,9112.05,8912.4,8993.85,8993.85,644000
15-04-2020,9196.4,9261.2,8874.1,8925.3,8925.3,879100
16-04-2020,8851.25,9053.75,8821.9,8992.8,8992.8,719400
17-04-2020,9323.45,9324,9091.35,9266.75,9266.75,684200
20-04-2020,9390.2,9390.85,9230.8,9261.85,9261.85,726400
21-04-2020,9016.95,9044.4,8909.4,8981.45,8981.45,655100
22-04-2020,9026.75,9209.75,8946.25,9187.3,9187.3,734400
23-04-2020,9232.35,9343.6,9170.15,9313.9,9313.9,666700
24-04-2020,9163.9,9296.9,9141.3,9154.4,9154.4,659400
27-04-2020,9259.7,9377.1,9250.35,9282.3,9282.3,512800
28-04-2020,9389.8,9404.4,9260,9380.9,9380.9,614500
29-04-2020,9408.6,9599.85,9392.35,9553.35,9553.35,653000
30-04-2020,9753.5,9889.05,9731.5,9859.9,9859.9,931200
04-05-2020,9533.5,9533.5,9266.95,9293.5,9293.5,687500
05-05-2020,9429.4,9450.9,9190.75,9205.6,9205.6,725200
06-05-2020,9226.8,9346.9,9116.5,9270.9,9270.9,722200
07-05-2020,9234.05,9277.85,9175.9,9199.05,9199.05,708700
08-05-2020,9376.95,9382.65,9238.2,9251.5,9251.5,609100
11-05-2020,9348.15,9439.9,9219.95,9239.2,9239.2,704600
12-05-2020,9168.85,9240.85,9043.95,9196.55,9196.55,805500
13-05-2020,9584.2,9584.5,9351.1,9383.55,9383.55,846400
14-05-2020,9213.95,9281.1,9119.75,9142.75,9142.75,602600
15-05-2020,9182.4,9182.4,9050,9136.85,9136.85,575900
18-05-2020,9158.3,9158.3,8806.75,8823.25,8823.25,773000
19-05-2020,8961.7,9030.35,8855.3,8879.1,8879.1,762200
20-05-2020,8889.15,9093.8,8875.35,9066.55,9066.55,622300
21-05-2020,9079.45,9178.55,9056.1,9106.25,9106.25,631500
22-05-2020,9067.9,9149.6,8968.55,9039.25,9039.25,675800
26-05-2020,9099.75,9161.65,8996.65,9029.05,9029.05,655000
27-05-2020,9082.2,9334,9004.25,9314.95,9314.95,763500
28-05-2020,9364.95,9511.25,9336.5,9490.1,9490.1,837900
29-05-2020,9422.2,9598.85,9376.9,9580.3,9580.3,967000
01-06-2020,9726.85,9931.6,9706.95,9826.15,9826.15,794200
02-06-2020,9880.85,9995.6,9824.05,9979.1,9979.1,770200
03-06-2020,10108.3,10176.2,10035.55,10061.55,10061.55,794700
04-06-2020,10054.25,10123.85,9944.25,10029.1,10029.1,775100
05-06-2020,10093.8,10177.8,10040.75,10142.15,10142.15,987100
08-06-2020,10326.75,10328.5,10120.25,10167.45,10167.45,936500
09-06-2020,10181.15,10291.15,10021.45,10046.65,10046.65,754200
10-06-2020,10072.6,10148.75,10036.85,10116.15,10116.15,632400
11-06-2020,10094.1,10112.05,9885.05,9902,9902,715500
12-06-2020,9544.95,9996.05,9544.35,9972.9,9972.9,796300
15-06-2020,9919.35,9943.35,9726.35,9813.7,9813.7,716100
16-06-2020,10014.8,10046.15,9728.5,9914,9914,899900
17-06-2020,9876.7,10003.6,9833.8,9881.15,9881.15,685400
18-06-2020,9863.25,10111.2,9845.05,10091.65,10091.65,622900
19-06-2020,10119,10272.4,10072.65,10244.4,10244.4,892100
22-06-2020,10318.75,10393.65,10277.6,10311.2,10311.2,685400
23-06-2020,10347.95,10484.7,10301.75,10471,10471,669200
24-06-2020,10529.25,10553.15,10281.95,10305.3,10305.3,854800
25-06-2020,10235.55,10361.8,10194.5,10288.9,10288.9,994200
26-06-2020,10378.9,10409.85,10311.25,10383,10383,671900
29-06-2020,10311.95,10337.95,10223.6,10312.4,10312.4,574500
30-06-2020,10382.6,10401.05,10267.35,10302.1,10302.1,556200
01-07-2020,10323.8,10447.05,10299.6,10430.05,10430.05,573600
02-07-2020,10493.05,10598.2,10485.55,10551.7,10551.7,597400
03-07-2020,10614.95,10631.3,10562.65,10607.35,10607.35,525200
06-07-2020,10723.85,10811.4,10695.1,10763.65,10763.65,571200
07-07-2020,10802.85,10813.8,10689.7,10799.65,10799.65,636800
08-07-2020,10818.65,10847.85,10676.55,10705.75,10705.75,767900
09-07-2020,10755.55,10836.85,10733,10813.45,10813.45,618700
10-07-2020,10764.1,10819.4,10713,10768.05,10768.05,590700
13-07-2020,10851.85,10894.05,10756.05,10802.7,10802.7,554100
14-07-2020,10750.85,10755.65,10562.9,10607.35,10607.35,532400
15-07-2020,10701,10827.45,10577.75,10618.2,10618.2,715900
16-07-2020,10706.2,10755.3,10595.2,10739.95,10739.95,694400
17-07-2020,10752,10933.45,10749.65,10901.7,10901.7,676900
20-07-2020,10999.45,11037.9,10953,11022.2,11022.2,554300
21-07-2020,11126.1,11179.55,11113.25,11162.25,11162.25,772000
22-07-2020,11231.2,11238.1,11056.55,11132.6,11132.6,765100
23-07-2020,11135,11239.8,11103.15,11215.45,11215.45,621600
24-07-2020,11149.95,11225.4,11090.3,11194.15,11194.15,678900
27-07-2020,11225,11225,11087.85,11131.8,11131.8,588100
28-07-2020,11154.1,11317.75,11151.4,11300.55,11300.55,683900
29-07-2020,11276.9,11341.4,11149.75,11202.85,11202.85,600700
30-07-2020,11254.3,11299.95,11084.95,11102.15,11102.15,677800
31-07-2020,11139.5,11150.4,11026.65,11073.45,11073.45,642600
03-08-2020,11057.55,11058.05,10882.25,10891.6,10891.6,680900
04-08-2020,10946.65,11112.25,10908.1,11095.25,11095.25,625700
05-08-2020,11155.75,11225.65,11064.05,11101.65,11101.65,667600
06-08-2020,11185.7,11256.8,11127.3,11200.15,11200.15,600400
07-08-2020,11186.65,11231.9,11142.05,11214.05,11214.05,452600
10-08-2020,11270.25,11337.3,11238,11270.15,11270.15,492000
11-08-2020,11322.25,11373.6,11299.15,11322.5,11322.5,586100
12-08-2020,11289,11322,11242.65,11308.4,11308.4,609900
13-08-2020,11334.85,11359.3,11269.95,11300.45,11300.45,562400
14-08-2020,11353.3,11366.25,11111.45,11178.4,11178.4,645100
17-08-2020,11248.9,11267.1,11144.5,11247.1,11247.1,634000
18-08-2020,11259.8,11401.7,11253.15,11385.35,11385.35,579200
19-08-2020,11452.15,11460.35,11394.1,11408.4,11408.4,626200
20-08-2020,11317.45,11361.45,11289.8,11312.2,11312.2,791600
21-08-2020,11409.65,11418.5,11362.2,11371.6,11371.6,668700
24-08-2020,11412,11497.25,11410.65,11466.45,11466.45,532900
25-08-2020,11513.1,11525.9,11423.35,11472.25,11472.25,638200
26-08-2020,11512.85,11561.75,11461.85,11549.6,11549.6,743400
27-08-2020,11609.3,11617.35,11540.6,11559.25,11559.25,719800
28-08-2020,11602.95,11686.05,11589.4,11647.6,11647.6,807000
31-08-2020,11777.55,11794.25,11325.85,11387.5,11387.5,1371800
01-09-2020,11464.3,11553.55,11366.9,11470.25,11470.25,783800
02-09-2020,11478.55,11554.75,11430.4,11535,11535,593500
03-09-2020,11566.2,11584.95,11507.65,11527.45,11527.45,607100
04-09-2020,11354.4,11452.05,11303.65,11333.85,11333.85,681300
07-09-2020,11359.6,11381.15,11251.7,11355.05,11355.05,560300
08-09-2020,11378.55,11437.25,11290.45,11317.35,11317.35,572200
09-09-2020,11218.6,11298.15,11185.15,11278,11278,728900
10-09-2020,11363.3,11464.05,11327.4,11449.25,11449.25,679400
11-09-2020,11447.8,11493.5,11419.9,11464.45,11464.45,554800
14-09-2020,11540.15,11568.9,11383.55,11440.05,11440.05,642300
15-09-2020,11487.2,11535.95,11442.25,11521.8,11521.8,506700
16-09-2020,11538.45,11618.1,11516.75,11604.55,11604.55,527800
17-09-2020,11539.4,11587.2,11498.5,11516.1,11516.1,0
18-09-2020,11584.1,11584.1,11446.1,11504.95,11504.95,764200
21-09-2020,11503.8,11535.25,11218.5,11250.55,11250.55,602900
22-09-2020,11301.75,11302.2,11084.65,11153.65,11153.65,672200
23-09-2020,11258.75,11259.55,11024.4,11131.85,11131.85,714900
24-09-2020,11011,11015.3,10790.2,10805.55,10805.55,706100
25-09-2020,10910.4,11072.6,10854.85,11050.25,11050.25,559600
28-09-2020,11140.85,11239.35,11099.85,11227.55,11227.55,472800
29-09-2020,11288.6,11305.4,11181,11222.4,11222.4,498300
30-09-2020,11244.45,11295.4,11184.55,11247.55,11247.55,499300
01-10-2020,11364.45,11428.6,11347.05,11416.95,11416.95,447700
05-10-2020,11487.8,11578.05,11452.3,11503.35,11503.35,530600
06-10-2020,11603.45,11680.3,11564.3,11662.4,11662.4,561400
07-10-2020,11679.25,11763.05,11629.35,11738.85,11738.85,513400
08-10-2020,11835.4,11905.7,11791.15,11834.6,11834.6,608800
09-10-2020,11852.05,11938.6,11805.2,11914.2,11914.2,611100
12-10-2020,11973.55,12022.05,11867.2,11930.95,11930.95,522600
13-10-2020,11934.65,11988.2,11888.9,11934.5,11934.5,458300
14-10-2020,11917.4,11997.2,11822.15,11971.05,11971.05,569200
15-10-2020,12023.45,12025.45,11661.3,11680.35,11680.35,608900
16-10-2020,11727.4,11789.75,11667.85,11762.45,11762.45,555800
19-10-2020,11879.2,11898.25,11820.4,11873.05,11873.05,541400
20-10-2020,11861,11949.25,11837.25,11896.8,11896.8,453600
21-10-2020,11958.55,12018.65,11775.75,11937.65,11937.65,623700
22-10-2020,11890,11939.55,11823.45,11896.45,11896.45,544900
23-10-2020,11957.9,11974.55,11908.75,11930.35,11930.35,502300
26-10-2020,11937.4,11942.85,11711.7,11767.75,11767.75,519800
27-10-2020,11807.1,11899.05,11723,11889.4,11889.4,616300
28-10-2020,11922.6,11929.4,11684.85,11729.6,11729.6,704000
29-10-2020,11633.3,11744.15,11606.45,11670.8,11670.8,555000
30-10-2020,11678.45,11748.95,11535.45,11642.4,11642.4,553700
02-11-2020,11697.35,11725.65,11557.4,11669.15,11669.15,568400
03-11-2020,11734.45,11836.2,11723.3,11813.5,11813.5,674300
04-11-2020,11783.35,11929.65,11756.4,11908.5,11908.5,667300
05-11-2020,12062.4,12131.1,12027.6,12120.3,12120.3,632500
06-11-2020,12156.65,12280.4,12131.85,12263.55,12263.55,576800
09-11-2020,12399.4,12474.05,12367.35,12461.05,12461.05,553400
10-11-2020,12556.4,12643.9,12475.25,12631.1,12631.1,847500
11-11-2020,12680.6,12769.75,12571.1,12749.15,12749.15,880500
12-11-2020,12702.15,12741.15,12624.85,12690.8,12690.8,622000
13-11-2020,12659.7,12735.95,12607.7,12719.95,12719.95,513900
14-11-2020,null,null,null,null,null,null
17-11-2020,12932.5,12934.05,12797.1,12874.2,12874.2,707700
18-11-2020,12860.1,12948.85,12819.35,12938.25,12938.25,731300
19-11-2020,12839.5,12963,12745.75,12771.7,12771.7,768800
20-11-2020,12813.4,12892.45,12730.25,12859.05,12859.05,664000
23-11-2020,12960.3,12968.85,12825.7,12926.45,12926.45,633100
24-11-2020,13002.6,13079.1,12978,13055.15,13055.15,571900
25-11-2020,13130,13145.85,12833.65,12858.4,12858.4,679000
26-11-2020,12906.45,13018,12790.4,12987,12987,549800
27-11-2020,13012.05,13035.3,12914.3,12968.95,12968.95,1162400
01-12-2020,13062.2,13128.4,12962.8,13109.05,13109.05,583600
02-12-2020,13121.4,13128.5,12983.55,13113.75,13113.75,717700
03-12-2020,13215.3,13216.6,13107.9,13133.9,13133.9,713700
04-12-2020,13177.4,13280.05,13152.85,13258.55,13258.55,640500
07-12-2020,13264.85,13366.65,13241.95,13355.75,13355.75,591700
08-12-2020,13393.85,13435.45,13311.05,13392.95,13392.95,543200
09-12-2020,13458.1,13548.9,13449.6,13529.1,13529.1,502600
10-12-2020,13488.5,13503.55,13399.3,13478.3,13478.3,553400
11-12-2020,13512.3,13579.35,13402.85,13513.85,13513.85,787700
14-12-2020,13571.45,13597.5,13472.45,13558.15,13558.15,558400
15-12-2020,13547.2,13589.65,13447.05,13567.85,13567.85,497600
16-12-2020,13663.1,13692.35,13606.45,13682.7,13682.7,462200
17-12-2020,13713.55,13773.25,13673.55,13740.7,13740.7,416000
18-12-2020,13764.4,13772.85,13658.6,13760.55,13760.55,519400
21-12-2020,13741.9,13777.5,13131.45,13328.4,13328.4,687300
22-12-2020,13373.65,13492.05,13192.9,13466.3,13466.3,696200
23-12-2020,13473.5,13619.45,13432.2,13601.1,13601.1,458700
24-12-2020,13672.15,13771.75,13626.9,13749.25,13749.25,471400
28-12-2020,13815.15,13885.3,13811.55,13873.2,13873.2,403600
29-12-2020,13910.35,13967.6,13859.9,13932.6,13932.6,439600
30-12-2020,13980.9,13997,13864.95,13981.95,13981.95,380700
31-12-2020,13970,14024.85,13936.45,13981.75,13981.75,452400
01-01-2021,13996.1,14049.85,13991.35,14018.5,14018.5,358100
04-01-2021,14104.35,14147.95,13953.75,14132.9,14132.9,495000
05-01-2021,14075.15,14215.6,14048.15,14199.5,14199.5,492500
06-01-2021,14240.95,14244.15,14039.9,14146.25,14146.25,632300
07-01-2021,14253.75,14256.25,14123.1,14137.35,14137.35,559200
08-01-2021,14258.4,14367.3,14221.65,14347.25,14347.25,613500
11-01-2021,14474.05,14498.2,14383.1,14484.75,14484.75,672900
12-01-2021,14473.8,14590.65,14432.85,14563.45,14563.45,929600
13-01-2021,14639.8,14653.35,14435.7,14564.85,14564.85,874000
14-01-2021,14550.05,14617.8,14471.5,14595.6,14595.6,620200
15-01-2021,14594.35,14617.45,14357.85,14433.7,14433.7,789600
18-01-2021,14453.3,14459.15,14222.8,14281.3,14281.3,762000
19-01-2021,14371.65,14546.05,14350.85,14521.15,14521.15,546100
20-01-2021,14538.3,14666.45,14517.55,14644.7,14644.7,623100
21-01-2021,14730.95,14753.55,14517.25,14590.35,14590.35,704600
22-01-2021,14583.4,14619.9,14357.75,14371.9,14371.9,776800
25-01-2021,14477.8,14491.1,14218.6,14238.9,14238.9,618600
27-01-2021,14237.95,14237.95,13929.3,13967.5,13967.5,660700
28-01-2021,13810.4,13898.25,13713.25,13817.55,13817.55,637900
29-01-2021,13946.6,13966.85,13596.75,13634.6,13634.6,753200
01-02-2021,13758.6,14336.35,13661.75,14281.2,14281.2,870500
02-02-2021,14481.1,14731.7,14469.15,14647.85,14647.85,915000
03-02-2021,14754.9,14868.85,14574.15,14789.95,14789.95,869500
04-02-2021,14789.05,14913.7,14714.75,14895.65,14895.65,884700
05-02-2021,14952.6,15014.65,14864.75,14924.25,14924.25,935600
08-02-2021,15064.3,15159.9,15041.05,15115.8,15115.8,671200
09-02-2021,15164.15,15257.1,15064.3,15109.3,15109.3,713300
10-02-2021,15119.05,15168.25,14977.2,15106.5,15106.5,624800
11-02-2021,15073.25,15188.5,15065.4,15173.3,15173.3,500100
12-02-2021,15186.2,15243.5,15081,15163.3,15163.3,571800
15-02-2021,15270.3,15340.15,15243.4,15314.7,15314.7,456000
16-02-2021,15371.45,15431.75,15242.2,15313.45,15313.45,648500
17-02-2021,15279.9,15314.3,15170.75,15208.9,15208.9,504800
18-02-2021,15238.7,15250.75,15078.05,15118.95,15118.95,770600
19-02-2021,15074.8,15144.05,14898.2,14981.75,14981.75,712200
22-02-2021,14999.05,15010.1,14635.05,14675.7,14675.7,609900
23-02-2021,14782.25,14854.5,14651.85,14707.8,14707.8,744100
24-02-2021,14729.15,15008.8,14504.5,14982,14982,403800
25-02-2021,15079.85,15176.5,15065.35,15097.35,15097.35,803900
26-02-2021,14888.6,14919.45,14467.75,14529.15,14529.15,1103600
01-03-2021,14702.5,14806.8,14638.55,14761.55,14761.55,507300
02-03-2021,14865.3,14959.1,14760.8,14919.1,14919.1,621700
03-03-2021,15064.4,15273.15,14995.8,15245.6,15245.6,544200
04-03-2021,15026.75,15202.35,14980.2,15080.75,15080.75,534900
05-03-2021,14977.95,15092.35,14862.1,14938.1,14938.1,640700
08-03-2021,15002.45,15111.15,14919.9,14956.2,14956.2,0
09-03-2021,15049.9,15126.85,14925.45,15098.4,15098.4,675300
10-03-2021,15202.15,15218.45,15100.85,15174.8,15174.8,404600
12-03-2021,15321.15,15336.3,14953.6,15030.95,15030.95,493200
15-03-2021,15048.4,15048.4,14745.85,14929.5,14929.5,467500
16-03-2021,14996.1,15051.6,14890.65,14910.45,14910.45,100
17-03-2021,14946.55,14956.55,14696.05,14721.3,14721.3,100
18-03-2021,14855.5,14875.2,14478.6,14557.85,14557.85,542200
19-03-2021,14471.15,14788.25,14350.1,14744,14744,919200
22-03-2021,14736.3,14763.9,14597.85,14736.4,14736.4,459000
23-03-2021,14768.55,14878.6,14707,14814.75,14814.75,474200
24-03-2021,14712.45,14752.35,14535,14549.4,14549.4,456400
25-03-2021,14570.9,14575.6,14264.4,14324.9,14324.9,606800
26-03-2021,14506.3,14572.9,14414.25,14507.3,14507.3,481000
30-03-2021,14628.5,14876.3,14617.6,14845.1,14845.1,594500
31-03-2021,14811.85,14813.75,14670.25,14690.7,14690.7,463900
01-04-2021,14798.4,14883.2,14692.45,14867.35,14867.35,445000
05-04-2021,14837.7,14849.85,14459.5,14637.8,14637.8,509700
06-04-2021,14737,14779.1,14573.9,14683.5,14683.5,475300
07-04-2021,14716.45,14879.8,14649.85,14819.05,14819.05,0
08-04-2021,14875.65,14984.15,14821.1,14873.8,14873.8,514800
09-04-2021,14882.65,14918.45,14785.65,14834.85,14834.85,504100
12-04-2021,14644.65,14652.5,14248.7,14310.8,14310.8,650200
13-04-2021,14364.9,14528.9,14274.9,14504.8,14504.8,605100
15-04-2021,14522.4,14597.55,14353.2,14581.45,14581.45,568000
16-04-2021,14599.6,14697.7,14559,14617.85,14617.85,577200
19-04-2021,14306.6,14382.3,14191.4,14359.45,14359.45,512300
20-04-2021,14526.7,14526.95,14207.3,14296.4,14296.4,467400
22-04-2021,14219.15,14424.75,14151.4,14406.15,14406.15,524600
23-04-2021,14326.35,14461.15,14273.3,14341.35,14341.35,498100
26-04-2021,14449.45,14557.5,14421.3,14485,14485,452700
27-04-2021,14493.8,14667.55,14484.85,14653.05,14653.05,451800
28-04-2021,14710.5,14890.25,14694.95,14864.55,14864.55,457000
29-04-2021,14979,15044.35,14814.45,14894.9,14894.9,517500
30-04-2021,14747.35,14855.45,14601.7,14631.1,14631.1,613900
03-05-2021,14481.05,14673.85,14416.25,14634.15,14634.15,448900
04-05-2021,14687.25,14723.4,14461.5,14496.5,14496.5,503400
05-05-2021,14604.15,14637.9,14506.6,14617.85,14617.85,455900
06-05-2021,14668.35,14743.9,14611.5,14724.8,14724.8,467800
07-05-2021,14816.85,14863.05,14765.5,14823.15,14823.15,488000
10-05-2021,14928.25,14966.9,14892.5,14942.35,14942.35,522000
11-05-2021,14789.7,14900,14771.4,14850.75,14850.75,647400
12-05-2021,14823.55,14824.05,14649.7,14696.5,14696.5,643800
14-05-2021,14749.4,14749.65,14591.9,14677.8,14677.8,620700
17-05-2021,14756.25,14938,14725.35,14923.15,14923.15,546400
18-05-2021,15067.2,15137.25,15043.7,15108.1,15108.1,583900
19-05-2021,15058.6,15133.4,15008.85,15030.15,15030.15,569100
20-05-2021,15042.6,15069.8,14884.9,14906.05,14906.05,480300
21-05-2021,14987.8,15190,14985.85,15175.3,15175.3,572900
24-05-2021,15211.35,15256.25,15145.45,15197.7,15197.7,579800
25-05-2021,15291.75,15293.85,15163.4,15208.45,15208.45,441500
26-05-2021,15257.05,15319.9,15194.95,15301.45,15301.45,384000
27-05-2021,15323.95,15384.55,15272.5,15337.85,15337.85,0
28-05-2021,15421.2,15469.65,15394.75,15435.65,15435.65,468100
31-05-2021,15437.75,15606.35,15374,15582.8,15582.8,436000
01-06-2021,15629.65,15660.75,15528.3,15574.85,15574.85,409600
02-06-2021,15520.35,15597.45,15459.85,15576.2,15576.2,428600
03-06-2021,15655.55,15705.1,15611,15690.35,15690.35,410200
04-06-2021,15712.5,15733.6,15622.35,15670.25,15670.25,414200
07-06-2021,15725.1,15773.45,15678.1,15751.65,15751.65,394000
08-06-2021,15773.9,15778.8,15680,15740.1,15740.1,378200
09-06-2021,15766.3,15800.45,15566.9,15635.35,15635.35,457900
10-06-2021,15692.1,15751.25,15648.5,15737.75,15737.75,298300
11-06-2021,15796.45,15835.55,15749.8,15799.35,15799.35,363000
14-06-2021,15791.4,15823.05,15606.5,15811.85,15811.85,392900
15-06-2021,15866.95,15901.6,15842.4,15869.25,15869.25,323300
16-06-2021,15847.5,15880.85,15742.6,15767.55,15767.55,340200
17-06-2021,15648.3,15769.35,15616.75,15691.4,15691.4,357600
18-06-2021,15756.5,15761.5,15450.9,15683.35,15683.35,640800
21-06-2021,15525.85,15765.15,15505.65,15746.5,15746.5,351500
22-06-2021,15840.5,15895.75,15752.1,15772.75,15772.75,322200
23-06-2021,15862.8,15862.95,15673.95,15686.95,15686.95,287500
24-06-2021,15737.3,15821.4,15702.7,15790.45,15790.45,316700
25-06-2021,15839.35,15870.8,15772.3,15860.35,15860.35,314600
28-06-2021,15915.35,15915.65,15792.15,15814.7,15814.7,255100
29-06-2021,15807.5,15835.9,15724.05,15748.45,15748.45,360300
30-06-2021,15776.9,15839.1,15708.75,15721.5,15721.5,262400
01-07-2021,15755.05,15755.55,15667.05,15680,15680,224900
02-07-2021,15705.85,15738.35,15635.95,15722.2,15722.2,254800
05-07-2021,15793.4,15845.95,15762.05,15834.35,15834.35,207000
06-07-2021,15813.75,15914.2,15801,15818.25,15818.25,391400
07-07-2021,15819.6,15893.55,15779.7,15879.65,15879.65,329300
08-07-2021,15855.4,15885.75,15682.9,15727.9,15727.9,307900
09-07-2021,15688.25,15730.85,15632.75,15689.8,15689.8,243200
12-07-2021,15766.8,15789.2,15644.75,15692.6,15692.6,216300
13-07-2021,15794,15820.8,15744.6,15812.35,15812.35,246700
14-07-2021,15808.7,15877.35,15764.2,15853.95,15853.95,0
15-07-2021,15872.15,15952.35,15855,15924.2,15924.2,284900
16-07-2021,15958.35,15962.25,15882.6,15923.4,15923.4,276300
19-07-2021,15754.5,15836.9,15707.5,15752.4,15752.4,242100
20-07-2021,15703.95,15728.45,15578.55,15632.1,15632.1,274300
22-07-2021,15736.6,15834.8,15726.4,15824.05,15824.05,265300
23-07-2021,15856.8,15899.8,15768.4,15856.05,15856.05,294100
26-07-2021,15849.3,15893.35,15797,15824.45,15824.45,267100
27-07-2021,15860.5,15881.55,15701,15746.45,15746.45,311000
28-07-2021,15761.55,15767.5,15513.45,15709.4,15709.4,318600
29-07-2021,15762.7,15817.35,15737.8,15778.45,15778.45,401600
30-07-2021,15800.6,15862.8,15744.85,15763.05,15763.05,400000
02-08-2021,15874.9,15892.9,15834.65,15885.15,15885.15,244800
03-08-2021,15951.55,16146.9,15914.35,16130.75,16130.75,341300
04-08-2021,16195.25,16290.2,16176.15,16258.8,16258.8,427300
05-08-2021,16288.95,16349.45,16210.3,16294.6,16294.6,418200
06-08-2021,16304.4,16336.75,16223.3,16238.2,16238.2,320100
09-08-2021,16281.35,16320.75,16179.05,16258.25,16258.25,240500
10-08-2021,16274.8,16359.25,16202.25,16280.1,16280.1,288000
11-08-2021,16327.3,16338.75,16162.55,16282.25,16282.25,277900
12-08-2021,16303.65,16375.5,16286.9,16364.4,16364.4,280200
13-08-2021,16385.7,16543.6,16376.3,16529.1,16529.1,321900
16-08-2021,16518.4,16589.4,16480.75,16563.05,16563.05,254000
17-08-2021,16545.25,16628.55,16495.4,16614.6,16614.6,297400
18-08-2021,16691.95,16701.85,16535.85,16568.85,16568.85,251800
20-08-2021,16382.5,16509.55,16376.05,16450.5,16450.5,350800
23-08-2021,16592.25,16592.5,16395.7,16496.45,16496.45,275600
24-08-2021,16561.4,16647.1,16495.3,16624.6,16624.6,275400
25-08-2021,16654,16712.45,16617.5,16634.65,16634.65,265900
26-08-2021,16627.95,16683.7,16603.4,16636.9,16636.9,253500
27-08-2021,16642.55,16722.05,16565.6,16705.2,16705.2,217400
30-08-2021,16775.85,16951.5,16764.85,16931.05,16931.05,283500
31-08-2021,16947.5,17153.5,16915.85,17132.2,17132.2,464400
01-09-2021,17185.6,17225.75,17055.05,17076.25,17076.25,301900
02-09-2021,17095.4,17245.5,17059.7,17234.15,17234.15,242400
03-09-2021,17262.45,17340.1,17212.2,17323.6,17323.6,261400
06-09-2021,17399.35,17429.55,17345.55,17377.8,17377.8,228000
07-09-2021,17401.55,17436.5,17287,17362.1,17362.1,243400
08-09-2021,17375.75,17383.4,17254.2,17353.5,17353.5,252700
09-09-2021,17312.85,17379.65,17302.7,17369.25,17369.25,241500
13-09-2021,17363.55,17378.35,17269.15,17355.3,17355.3,241100
14-09-2021,17420.35,17438.55,17367.05,17380,17380,230400
15-09-2021,17387.65,17532.7,17386.9,17519.45,17519.45,388200
16-09-2021,17539.2,17644.6,17510.45,17629.5,17629.5,503300
17-09-2021,17709.65,17792.95,17537.65,17585.15,17585.15,508300
20-09-2021,17443.85,17622.75,17361.8,17396.9,17396.9,339100
21-09-2021,17450.5,17578.35,17326.1,17562,17562,363600
22-09-2021,17580.9,17610.45,17524,17546.65,17546.65,295200
23-09-2021,17670.85,17843.9,17646.55,17822.95,17822.95,320500
24-09-2021,17897.45,17947.65,17819.4,17853.2,17853.2,360100
27-09-2021,17932.2,17943.5,17802.9,17855.1,17855.1,295700
28-09-2021,17906.45,17912.85,17576.1,17748.6,17748.6,398000
29-09-2021,17657.95,17781.75,17608.15,17711.3,17711.3,562200
30-09-2021,17718.9,17742.15,17585.35,17618.15,17618.15,378600
01-10-2021,17531.9,17557.15,17452.9,17532.05,17532.05,305800
04-10-2021,17615.55,17750.9,17581.35,17691.25,17691.25,295800
05-10-2021,17661.35,17833.45,17640.9,17822.3,17822.3,427000
06-10-2021,17861.5,17884.6,17613.15,17646,17646,395800
07-10-2021,17810.55,17857.55,17763.8,17790.35,17790.35,419900
08-10-2021,17886.85,17941.85,17840.35,17895.2,17895.2,324100
11-10-2021,17867.55,18041.95,17839.1,17945.95,17945.95,375800
12-10-2021,17915.8,18008.65,17864.95,17991.95,17991.95,355600
13-10-2021,18097.85,18197.8,18050.75,18161.75,18161.75,506700
14-10-2021,18272.85,18350.75,18248.7,18338.55,18338.55,538700
18-10-2021,18500.1,18543.15,18445.3,18477.05,18477.05,469900
19-10-2021,18602.35,18604.45,18377.7,18418.75,18418.75,368200
20-10-2021,18439.9,18458.3,18209.35,18266.6,18266.6,371300
21-10-2021,18382.7,18384.2,18048,18178.1,18178.1,365900
22-10-2021,18230.7,18314.25,18034.35,18114.9,18114.9,324700
25-10-2021,18229.5,18241.4,17968.5,18125.4,18125.4,418700
26-10-2021,18154.5,18310.45,18099.3,18268.4,18268.4,341400
27-10-2021,18295.85,18342.05,18167.9,18210.95,18210.95,335200
28-10-2021,18187.65,18190.7,17799.45,17857.25,17857.25,374200
29-10-2021,17833.05,17915.85,17613.1,17671.65,17671.65,336500
01-11-2021,17783.15,17954.1,17697.1,17929.65,17929.65,281200
02-11-2021,17970.9,18012.25,17847.6,17888.95,17888.95,296400
03-11-2021,17947.95,17988.75,17757.95,17829.2,17829.2,331000
04-11-2021,17935.05,17947.55,17900.6,17916.8,17916.8,48500
08-11-2021,18040.2,18087.8,17836.1,18068.55,18068.55,338900
09-11-2021,18084.35,18112.6,17983.05,18044.25,18044.25,270200
10-11-2021,17973.45,18061.25,17915,18017.2,18017.2,261400
11-11-2021,17967.45,17971.35,17798.2,17873.6,17873.6,232100
12-11-2021,17977.6,18123,17905.9,18102.75,18102.75,249100
15-11-2021,18140.95,18210.15,18071.3,18109.45,18109.45,280400
16-11-2021,18127.05,18132.65,17958.8,17999.2,17999.2,267400
17-11-2021,17939.35,18022.65,17879.25,17898.65,17898.65,295700
18-11-2021,17890.55,17945.6,17688.5,17764.8,17764.8,278400
22-11-2021,17796.25,17805.25,17280.45,17416.55,17416.55,356400
23-11-2021,17281.75,17553.7,17216.1,17503.35,17503.35,308800
24-11-2021,17550.05,17600.6,17354,17415.05,17415.05,298100
25-11-2021,17417.3,17564.35,17351.7,17536.25,17536.25,255900
26-11-2021,17338.75,17355.4,16985.7,17026.45,17026.45,356300
29-11-2021,17055.8,17160.7,16782.4,17053.95,17053.95,348900
30-11-2021,17051.15,17324.65,16931.4,16983.2,16983.2,498000
01-12-2021,17104.4,17213.05,17064.25,17166.9,17166.9,295500
02-12-2021,17183.2,17420.35,17149.3,17401.65,17401.65,279900
03-12-2021,17424.9,17489.8,17180.8,17196.7,17196.7,292500
06-12-2021,17209.05,17216.75,16891.7,16912.25,16912.25,231700
07-12-2021,17044.1,17251.65,16987.75,17176.7,17176.7,254100
08-12-2021,17315.25,17484.6,17308.95,17469.75,17469.75,257800
09-12-2021,17524.4,17543.25,17379.6,17516.85,17516.85,237200
10-12-2021,17476.05,17534.35,17405.25,17511.3,17511.3,204500
13-12-2021,17619.1,17639.5,17355.95,17368.25,17368.25,256600
14-12-2021,17283.2,17376.2,17225.8,17324.9,17324.9,271000
15-12-2021,17323.65,17351.2,17192.2,17221.4,17221.4,215000
16-12-2021,17373,17379.35,17184.95,17248.4,17248.4,219500
17-12-2021,17276,17298.15,16966.45,16985.2,16985.2,354600
20-12-2021,16824.25,16840.1,16410.2,16614.2,16614.2,330600
21-12-2021,16773.15,16936.4,16688.25,16770.85,16770.85,241000
22-12-2021,16865.55,16971,16819.5,16955.45,16955.45,207900
23-12-2021,17066.8,17118.65,17015.55,17072.6,17072.6,197000
24-12-2021,17149.5,17155.6,16909.6,17003.75,17003.75,182600
27-12-2021,16937.75,17112.05,16833.2,17086.25,17086.25,144800
28-12-2021,17177.6,17250.25,17161.15,17233.25,17233.25,176000
29-12-2021,17220.1,17285.95,17176.65,17213.6,17213.6,161700
30-12-2021,17201.45,17264.05,17146.35,17203.95,17203.95,320800
31-12-2021,17244.5,17400.8,17238.5,17354.05,17354.05,167000
03-01-2022,17387.15,17646.65,17383.3,17625.7,17625.7,200500
04-01-2022,17681.4,17827.6,17593.55,17805.25,17805.25,247400
05-01-2022,17820.1,17944.7,17748.85,17925.25,17925.25,251500
06-01-2022,17768.5,17797.95,17655.55,17745.9,17745.9,236500
07-01-2022,17797.6,17905,17704.55,17812.7,17812.7,239300
10-01-2022,17913.3,18017.45,17879.15,18003.3,18003.3,232400
11-01-2022,17997.75,18081.25,17964.4,18055.75,18055.75,220200
12-01-2022,18170.4,18227.95,18128.8,18212.35,18212.35,245000
13-01-2022,18257,18272.25,18163.8,18257.8,18257.8,303700
14-01-2022,18185,18286.95,18119.65,18255.75,18255.75,229500
17-01-2022,18235.65,18321.55,18228.75,18308.1,18308.1,266700
18-01-2022,18337.2,18350.95,18085.9,18113.05,18113.05,227500
19-01-2022,18129.2,18129.2,17884.9,17938.4,17938.4,276700
20-01-2022,17921,17943.7,17648.45,17757,17757,258100
21-01-2022,17613.7,17707.6,17485.85,17617.15,17617.15,277600
24-01-2022,17575.15,17599.4,16997.85,17149.1,17149.1,323800
25-01-2022,17001.55,17309.15,16836.8,17277.95,17277.95,326500
27-01-2022,17062,17182.5,16866.75,17110.15,17110.15,395600
28-01-2022,17208.3,17373.5,17077.1,17101.95,17101.95,355300
31-01-2022,17301.05,17410,17264.15,17339.85,17339.85,321700
01-02-2022,17529.45,17622.4,17244.55,17576.85,17576.85,386400
02-02-2022,17706.2,17794.6,17674.8,17780,17780,271200
03-02-2022,17767.75,17781.15,17511.15,17560.2,17560.2,226600
04-02-2022,17590.2,17617.8,17462.55,17516.3,17516.3,261400
07-02-2022,17456.3,17536.75,17119.4,17213.6,17213.6,265000
08-02-2022,17279.85,17306.45,17043.65,17266.75,17266.75,268500
09-02-2022,17370.1,17477.15,17339,17463.8,17463.8,236400
10-02-2022,17554.1,17639.45,17427.15,17605.85,17605.85,273600
11-02-2022,17451,17454.75,17303,17374.75,17374.75,253100
14-02-2022,17076.15,17099.5,16809.65,16842.8,16842.8,305500
15-02-2022,16933.25,17375,16839.25,17352.45,17352.45,298700
16-02-2022,17408.45,17490.6,17257.7,17322.2,17322.2,244500
17-02-2022,17396.55,17442.9,17235.85,17304.6,17304.6,232100
18-02-2022,17236.05,17380.8,17219.2,17276.3,17276.3,189600
21-02-2022,17192.25,17351.05,17070.7,17206.65,17206.65,215200
22-02-2022,16847.95,17148.55,16843.8,17092.2,17092.2,300100
23-02-2022,17194.5,17220.7,17027.85,17063.25,17063.25,200200
24-02-2022,16548.9,16705.25,16203.25,16247.95,16247.95,458000
25-02-2022,16515.65,16748.8,16478.3,16658.4,16658.4,329800
28-02-2022,16481.6,16815.9,16356.3,16793.9,16793.9,404200
02-03-2022,16593.1,16678.5,16478.65,16605.95,16605.95,517700
03-03-2022,16723.2,16768.95,16442.95,16498.05,16498.05,442100
04-03-2022,16339.45,16456,16133.8,16245.35,16245.35,456100
07-03-2022,15867.95,15944.6,15711.45,15863.15,15863.15,585400
08-03-2022,15747.75,16028.75,15671.45,16013.45,16013.45,543600
09-03-2022,16078,16418.05,15990,16345.35,16345.35,462200
10-03-2022,16757.1,16757.3,16447.9,16594.9,16594.9,486400
11-03-2022,16528.8,16694.4,16470.9,16630.45,16630.45,343700
14-03-2022,16633.7,16887.95,16606.5,16871.3,16871.3,314700
15-03-2022,16900.65,16927.75,16555,16663,16663,381600
16-03-2022,16876.65,16987.9,16837.85,16975.35,16975.35,260000
17-03-2022,17202.9,17344.6,17175.75,17287.05,17287.05,448300
21-03-2022,17329.5,17353.35,17096.4,17117.6,17117.6,285500
22-03-2022,17120.4,17334.4,17006.3,17315.5,17315.5,338300
23-03-2022,17405.05,17442.4,17199.6,17245.65,17245.65,292100
24-03-2022,17094.95,17291.75,17091.15,17222.75,17222.75,290300
25-03-2022,17289,17294.9,17076.55,17153,17153,237100
28-03-2022,17181.85,17235.1,17003.9,17222,17222,253200
29-03-2022,17297.2,17343.65,17235.7,17325.3,17325.3,235100
30-03-2022,17468.15,17522.5,17387.2,17498.25,17498.25,505000
31-03-2022,17519.2,17559.8,17435.2,17464.75,17464.75,281100
01-04-2022,17436.9,17703.7,17422.7,17670.45,17670.45,291800
04-04-2022,17809.1,18114.65,17791.4,18053.4,18053.4,345500
05-04-2022,18080.6,18095.45,17921.55,17957.4,17957.4,283500
06-04-2022,17842.75,17901,17779.85,17807.65,17807.65,328800
07-04-2022,17723.3,17787.5,17623.7,17639.55,17639.55,308800
08-04-2022,17698.15,17842.75,17600.55,17784.35,17784.35,274400
11-04-2022,17740.9,17779.05,17650.95,17674.95,17674.95,251700
12-04-2022,17584.85,17595.3,17442.35,17530.3,17530.3,266000
13-04-2022,17599.9,17663.65,17457.4,17475.65,17475.65,245100
18-04-2022,17183.45,17237.75,17067.85,17173.65,17173.65,376100
19-04-2022,17258.95,17275.65,16824.7,16958.65,16958.65,401400
20-04-2022,17045.25,17186.9,16978.95,17136.55,17136.55,286100
21-04-2022,17234.6,17414.7,17215.5,17392.6,17392.6,285200
22-04-2022,17242.75,17315.3,17149.2,17171.95,17171.95,262700
25-04-2022,17009.05,17054.3,16888.7,16953.95,16953.95,275700
26-04-2022,17121.3,17223.85,17064.45,17200.8,17200.8,261100
27-04-2022,17073.35,17110.7,16958.45,17038.4,17038.4,265100
28-04-2022,17189.5,17322.5,17071.05,17245.05,17245.05,312900
29-04-2022,17329.25,17377.65,17053.25,17102.55,17102.55,336200
02-05-2022,16924.45,17092.25,16917.25,17069.1,17069.1,278200
04-05-2022,17096.6,17132.85,16623.95,16677.6,16677.6,310600
05-05-2022,16854.75,16945.7,16651.85,16682.65,16682.65,265800
06-05-2022,16415.55,16484.2,16340.9,16411.25,16411.25,300500
09-05-2022,16227.7,16403.7,16142.1,16301.85,16301.85,288400
10-05-2022,16248.9,16404.55,16197.3,16240.05,16240.05,283100
11-05-2022,16270.05,16318.75,15992.6,16167.1,16167.1,284300
12-05-2022,16021.1,16041.95,15735.75,15808,15808,314900
13-05-2022,15977,16083.6,15740.85,15782.15,15782.15,369100
16-05-2022,15845.1,15977.95,15739.65,15842.3,15842.3,217600
17-05-2022,15912.6,16284.25,15900.8,16259.3,16259.3,295700
18-05-2022,16318.15,16399.8,16211.2,16240.3,16240.3,290400
19-05-2022,15917.4,15984.75,15775.2,15809.4,15809.4,313900
20-05-2022,16043.8,16283.05,16003.85,16266.15,16266.15,252400
23-05-2022,16290.95,16414.7,16185.75,16214.7,16214.7,293800
24-05-2022,16225.55,16262.8,16078.6,16125.15,16125.15,249800
25-05-2022,16196.35,16223.35,16006.95,16025.8,16025.8,243300
26-05-2022,16105,16204.45,15903.7,16170.15,16170.15,314300
27-05-2022,16296.6,16370.6,16221.95,16352.45,16352.45,274100
30-05-2022,16527.9,16695.5,16506.15,16661.4,16661.4,251400
31-05-2022,16578.45,16690.75,16521.9,16584.55,16584.55,651600
01-06-2022,16594.4,16649.2,16438.85,16522.75,16522.75,249600
02-06-2022,16481.65,16646.4,16443.05,16628,16628,236000
03-06-2022,16761.65,16793.85,16567.9,16584.3,16584.3,245500
06-06-2022,16530.7,16610.95,16444.55,16569.55,16569.55,233600
07-06-2022,16469.6,16487.25,16347.1,16416.35,16416.35,233800
08-06-2022,16474.95,16514.3,16293.35,16356.25,16356.25,243500
09-06-2022,16263.85,16492.8,16243.85,16478.1,16478.1,205000
10-06-2022,16283.95,16324.7,16172.6,16201.8,16201.8,189700
13-06-2022,15877.55,15886.15,15684,15774.4,15774.4,225500
14-06-2022,15674.25,15858,15659.45,15732.1,15732.1,225400
15-06-2022,15729.25,15783.65,15678.9,15692.15,15692.15,183000
16-06-2022,15832.25,15863.15,15335.1,15360.6,15360.6,264700
17-06-2022,15272.65,15400.4,15183.4,15293.5,15293.5,342600
20-06-2022,15334.5,15382.5,15191.1,15350.15,15350.15,260000
21-06-2022,15455.95,15707.25,15419.85,15638.8,15638.8,262800
22-06-2022,15545.65,15565.4,15385.95,15413.3,15413.3,220900
23-06-2022,15451.55,15628.45,15367.5,15556.65,15556.65,259200
24-06-2022,15657.4,15749.25,15619.45,15699.25,15699.25,219600
27-06-2022,15926.2,15927.45,15815.5,15832.05,15832.05,210900
28-06-2022,15757.45,15892.1,15710.15,15850.2,15850.2,251900
29-06-2022,15701.7,15861.6,15687.8,15799.1,15799.1,444900
30-06-2022,15774.5,15890,15728.85,15780.25,15780.25,306000
01-07-2022,15703.7,15793.95,15511.05,15752.05,15752.05,364100
04-07-2022,15710.5,15852.35,15661.8,15835.35,15835.35,304300
05-07-2022,15909.15,16025.75,15785.45,15810.85,15810.85,254200
06-07-2022,15818.2,16011.35,15800.9,15989.8,15989.8,288400
07-07-2022,16113.75,16150.5,16045.95,16132.9,16132.9,264600
08-07-2022,16273.65,16275.5,16157.9,16220.6,16220.6,281100
11-07-2022,16136.15,16248.55,16115.5,16216,16216,255900
12-07-2022,16126.2,16158.75,16031.15,16058.3,16058.3,208600
13-07-2022,16128.2,16140,15950.15,15966.65,15966.65,233300
14-07-2022,16018.85,16070.85,15858.2,15938.65,15938.65,228600
15-07-2022,16010.8,16066.95,15927.3,16049.2,16049.2,205800
18-07-2022,16151.4,16287.95,16142.2,16278.5,16278.5,227700
19-07-2022,16187.05,16359.5,16187.05,16340.55,16340.55,222600
20-07-2022,16562.8,16588,16490.95,16520.85,16520.85,284400
21-07-2022,16523.55,16626.95,16483.9,16605.25,16605.25,243600
22-07-2022,16661.25,16752.25,16610.9,16719.45,16719.45,190900
25-07-2022,16662.55,16706.05,16564.25,16631,16631,211400
26-07-2022,16632.9,16636.1,16463.3,16483.85,16483.85,208200
27-07-2022,16475.35,16653.45,16438.75,16641.8,16641.8,185200
28-07-2022,16774.85,16947.65,16746.25,16929.6,16929.6,376300
29-07-2022,17079.5,17172.8,17018.15,17158.25,17158.25,436100
01-08-2022,17243.2,17356.25,17154.8,17340.05,17340.05,381500
02-08-2022,17310.15,17390.15,17215.85,17345.45,17345.45,333600
03-08-2022,17349.25,17407.5,17225.85,17388.15,17388.15,285400
04-08-2022,17463.1,17490.7,17161.25,17382,17382,325000
05-08-2022,17423.65,17474.4,17348.75,17397.5,17397.5,355300
08-08-2022,17401.5,17548.8,17359.75,17525.1,17525.1,257000
10-08-2022,17566.1,17566.1,17442.8,17534.75,17534.75,312700
11-08-2022,17711.65,17719.3,17631.95,17659,17659,311200
12-08-2022,17659.65,17724.65,17597.85,17698.15,17698.15,303900
16-08-2022,17797.2,17839.1,17764.05,17825.25,17825.25,0
17-08-2022,17868.15,17965.95,17833.35,17944.25,17944.25,262800
18-08-2022,17898.65,17968.45,17852.05,17956.5,17956.5,263900
19-08-2022,17966.55,17992.2,17710.75,17758.45,17758.45,295600
22-08-2022,17682.9,17690.05,17467.35,17490.7,17490.7,287600
23-08-2022,17357.35,17625.55,17345.2,17577.5,17577.5,285600
24-08-2022,17525.45,17623.65,17499.25,17604.95,17604.95,262000
25-08-2022,17679,17726.5,17487.45,17522.45,17522.45,230200
26-08-2022,17619.3,17685.85,17519.35,17558.9,17558.9,266600
29-08-2022,17188.65,17380.15,17166.2,17312.9,17312.9,244900
30-08-2022,17414.95,17777.65,17401.5,17759.3,17759.3,324700
01-09-2022,17485.7,17695.6,17468.45,17542.8,17542.8,308500
02-09-2022,17598.4,17643.85,17476.45,17539.45,17539.45,256300
05-09-2022,17546.45,17683.15,17540.35,17665.8,17665.8,230300
06-09-2022,17695.7,17764.65,17587.65,17655.6,17655.6,251200
07-09-2022,17519.4,17650.75,17484.3,17624.4,17624.4,354100
08-09-2022,17748.15,17807.65,17691.95,17798.75,17798.75,279800
09-09-2022,17923.35,17925.95,17786,17833.35,17833.35,270300
12-09-2022,17890.85,17980.55,17889.15,17936.35,17936.35,228200
13-09-2022,18044.45,18088.3,18015.45,18070.05,18070.05,259900
14-09-2022,17771.15,18091.55,17771.15,18003.75,18003.75,365900
15-09-2022,18046.35,18096.15,17861.5,17877.4,17877.4,289600
16-09-2022,17796.8,17820.05,17497.25,17530.85,17530.85,468500
19-09-2022,17540.65,17667.2,17429.7,17622.25,17622.25,258300
20-09-2022,17770.4,17919.3,17744.4,17816.25,17816.25,263100
21-09-2022,17766.35,17838.7,17663.6,17718.35,17718.35,245500
22-09-2022,17609.65,17722.75,17532.45,17629.8,17629.8,284100
23-09-2022,17593.85,17642.15,17291.65,17327.35,17327.35,390800
26-09-2022,17156.3,17196.4,16978.3,17016.3,17016.3,492000
27-09-2022,17110.9,17176.45,16942.35,17007.4,17007.4,359900
28-09-2022,16870.55,17037.6,16820.4,16858.6,16858.6,323900
29-09-2022,16993.6,17026.05,16788.6,16818.1,16818.1,340000
30-09-2022,16798.05,17187.1,16747.7,17094.35,17094.35,376100
03-10-2022,17102.1,17114.65,16855.55,16887.35,16887.35,278400
04-10-2022,17147.45,17287.3,17117.3,17274.3,17274.3,226000
06-10-2022,17379.25,17428.8,17315.65,17331.8,17331.8,265500
07-10-2022,17287.2,17337.35,17216.95,17314.65,17314.65,216300
10-10-2022,17094.35,17280.15,17064.7,17241,17241,234000
11-10-2022,17256.05,17261.8,16950.3,16983.55,16983.55,282600
12-10-2022,17025.55,17142.35,16960.05,17123.6,17123.6,256000
13-10-2022,17087.35,17112.35,16956.95,17014.35,17014.35,266400
14-10-2022,17322.3,17348.55,17169.75,17185.7,17185.7,227000
17-10-2022,17144.8,17328.55,17098.55,17311.8,17311.8,212200
18-10-2022,17438.75,17527.8,17434.05,17486.95,17486.95,239500
19-10-2022,17568.15,17607.6,17472.85,17512.25,17512.25,210500
20-10-2022,17423.1,17584.15,17421,17563.95,17563.95,249600
21-10-2022,17622.85,17670.15,17520.75,17576.3,17576.3,277700
24-10-2022,17736.35,17777.55,17707.4,17730.75,17730.75,45000
25-10-2022,17808.3,17811.5,17637,17656.35,17656.35,251400
27-10-2022,17771.4,17783.9,17654.5,17736.95,17736.95,324600
28-10-2022,17756.4,17838.9,17723.7,17786.8,17786.8,250000
31-10-2022,,,,18012.2,,
01-11-2022,,,,18145.4,,
02-11-2022,,,,18082.85,,
03-11-2022,,,,18052.7,,
04-11-2022,,,,18117.15,,
07-11-2022,,,,18202.8,,
09-11-2022,,,,18157,,
10-11-2022,,,,18028.2,,
11-11-2022,,,,18349.70,,
14-11-2022,,,,18329.15,,
15-11-2022,,,,18403.40,,
16-11-2022,,,,18409.65,,
17-11-2022,,,,18343.90,,
18-11-2022,,,,18307.65,,
